Workbook

Sheet SETTING
B2: BPJS KESEHATAN | E2: PENGHASILAN TIDAK KENA PAJAK
B3: Batas Minimal Upah | C3: 4391337 | E3: TK/0 - Tidak kawin, 0 Tanggungan | F3: 54000000
B4: Batas Maksimal Upah | C4: 12000000 | E4: TK/1 - Tidak kawin, 1 Tanggungan | F4: 58500000
B5: Ditanggung Pemberi Kerja | C5: 0.04 | E5: TK/2 - Tidak kawin, 2 Tanggungan | F5: 63000000
B6: Ditanggung Tenaga Kerja | C6: 0.01 | E6: TK/3 - Tidak kawin, 3 Tanggungan | F6: 67500000
E7: K/0 - Kawin, 0 Tanggungan | F7: 58500000
B8: BPJS KETENAGAKERJAAN | E8: K/1 - Kawin, 1 Tanggungan | F8: 63000000
B9: Batas Maksimal Upah (JP) | C9: 11086300 | E9: K/2 - Kawin, 2 Tanggungan | F9: 67500000
B10: Jaminan Kecelakaan Kerja | C10: 0.0089 | E10: K/3 - Kawin, 3 Tanggungan | F10: 72000000
B11: Jaminan Kematian | C11: 0.003
B12: JHT Ditanggung Pemberi Kerja | C12: 0.037
B13: JHT Ditanggung Tenaga Kerja | C13: 0.02
B14: JP Ditanggung Pemberi Kerja | C14: 0.02
B15: JP Ditanggung Tenaga Kerja | C15: 0.01

Sheet TER 2024
A1: KATEGORI | B1: PENGHASILAN BRUTO | E1: TARIF
A2: KATEGORI A | B2: 0 | C2: s.d | D2: 5400000 | E2: 0
A3: KATEGORI A | B3: =D2+0.00001 -> 5400000 | C3: s.d | D3: 5650000 | E3: 0.0025
A4: KATEGORI A | B4: =D3+0.00001 -> 5650000 | C4: s.d | D4: 5950000 | E4: 0.005
A5: KATEGORI A | B5: =D4+0.00001 -> 5950000 | C5: s.d | D5: 6300000 | E5: 0.0075
A6: KATEGORI A | B6: =D5+0.00001 -> 6300000 | C6: s.d | D6: 6750000 | E6: 0.01
A7: KATEGORI A | B7: =D6+0.00001 -> 6750000 | C7: s.d | D7: 7500000 | E7: 0.0125
A8: KATEGORI A | B8: =D7+0.00001 -> 7500000 | C8: s.d | D8: 8550000 | E8: 0.015
A9: KATEGORI A | B9: =D8+0.00001 -> 8550000 | C9: s.d | D9: 9650000 | E9: 0.0175
A10: KATEGORI A | B10: =D9+0.00001 -> 9650000 | C10: s.d | D10: 10050000 | E10: 0.02
A11: KATEGORI A | B11: =D10+0.00001 -> 10050000 | C11: s.d | D11: 10350000 | E11: 0.0225
A12: KATEGORI A | B12: =D11+0.00001 -> 10350000 | C12: s.d | D12: 10700000 | E12: 0.025
A13: KATEGORI A | B13: =D12+0.00001 -> 10700000 | C13: s.d | D13: 11050000 | E13: 0.03
A14: KATEGORI A | B14: =D13+0.00001 -> 11050000 | C14: s.d | D14: 11600000 | E14: 0.035
... A44: KATEGORI A | B44: =D43+0.00001 -> 9.1e+08 | C44: s.d | D44: 1400000000 | E44: 0.33
A45: KATEGORI A | B45: =D44+0.00001 -> 1.4e+09 | D45: =D85 -> 999999999999999 | E45: 0.34
A46: KATEGORI B | B46: 0 | C46: s.d | D46: 6200000 | E46: 0
A47: KATEGORI B | B47: =D46+0.0001 -> 6200000 | C47: s.d | D47: 6500000 | E47: 0.0025
A48: KATEGORI B | B48: =D47+0.0001 -> 6500000 | C48: s.d | D48: 6850000 | E48: 0.005
A49: KATEGORI B | B49: =D48+0.0001 -> 6850000 | C49: s.d | D49: 7300000 | E49: 0.0075
A50: KATEGORI B | B50: =D49+0.0001 -> 7300000 | C50: s.d | D50: 9200000 | E50: 0.01
A51: KATEGORI B | B51: =D50+0.0001 -> 9200000 | C51: s.d | D51: 10750000 | E51: 0.015
A52: KATEGORI B | B52: =D51+0.0001 -> 10750000 | C52: s.d | D52: 11250000 | E52: 0.02
A53: KATEGORI B | B53: =D52+0.0001 -> 11250000 | C53: s.d | D53: 11600000 | E53: 0.025
A54: KATEGORI B | B54: =D53+0.0001 -> 11600000 | C54: s.d | D54: 12600000 | E54: 0.03
A55: KATEGORI B | B55: =D54+0.0001 -> 12600000 | C55: s.d | D55: 13600000 | E55: 0.04
A56: KATEGORI B | B56: =D55+0.0001 -> 13600000 | C56: s.d | D56: 14950000 | E56: 0.05
A57: KATEGORI B | B57: =D56+0.0001 -> 14950000 | C57: s.d | D57: 16400000 | E57: 0.06
A58: KATEGORI B | B58: =D57+0.0001 -> 16400000 | C58: s.d | D58: 18450000 | E58: 0.07
... A84: KATEGORI B | B84: =D83+0.0001 -> 9.57e+08 | C84: s.d | D84: 1405000000 | E84: 0.33
A85: KATEGORI B | B85: =D84+0.0001 -> 1.405e+09 | D85: 999999999999999 | E85: 0.34
A86: KATEGORI C | B86: 0 | C86: s.d | D86: 6600000 | E86: 0
A87: KATEGORI C | B87: =D86+0.00001 -> 6600000 | C87: s.d | D87: 6950000 | E87: 0.0025
A88: KATEGORI C | B88: =D87+0.00001 -> 6950000 | C88: s.d | D88: 7350000 | E88: 0.005
A89: KATEGORI C | B89: =D88+0.00001 -> 7350000 | C89: s.d | D89: 7800000 | E89: 0.0075
A90: KATEGORI C | B90: =D89+0.00001 -> 7800000 | C90: s.d | D90: 8850000 | E90: 0.01
A91: KATEGORI C | B91: =D90+0.00001 -> 8850000 | C91: s.d | D91: 9800000 | E91: 0.0125
A92: KATEGORI C | B92: =D91+0.00001 -> 9800000 | C92: s.d | D92: 10950000 | E92: 0.015
A93: KATEGORI C | B93: =D92+0.00001 -> 10950000 | C93: s.d | D93: 11200000 | E93: 0.0175
A94: KATEGORI C | B94: =D93+0.00001 -> 11200000 | C94: s.d | D94: 12050000 | E94: 0.02
A95: KATEGORI C | B95: =D94+0.00001 -> 12050000 | C95: s.d | D95: 12950000 | E95: 0.03
A96: KATEGORI C | B96: =D95+0.00001 -> 12950000 | C96: s.d | D96: 14150000 | E96: 0.04
A97: KATEGORI C | B97: =D96+0.00001 -> 14150000 | C97: s.d | D97: 15550000 | E97: 0.05
A98: KATEGORI C | B98: =D97+0.00001 -> 15550000 | C98: s.d | D98: 17050000 | E98: 0.06
... A125: KATEGORI C | B125: =D124+0.00001 -> 9.65e+08 | C125: s.d | D125: 1419000000 | E125: 0.33
A126: KATEGORI C | B126: =D125+0.00001 -> 1.419e+09 | D126: =D85 -> 999999999999999 | E126: 0.34

Sheet TENAGA KERJA
A1: No | B1: Nama Tenaga Kerja | C1: NIP | D1: Jabatan | E1: Divisi | F1: Status Perpajakan | I1: Didaftarkan BPJS TK | J1: Didaftarkan BPJS Kes | K1: Gaji | L1: Tunjangan tetap | M1: lembur,THR, Bonus | N1: Natura, Dll | O1: THP | Q1: 1 | R1: LBR 1 X 1,5=….x1,5x1/173xgp/k.4 (klo ada tunj tetap) | S1: 2 | T1: LBR 2 X 2=….x2x1/173xgp/k.4 (klo ada tunj tetap) | U1: 3 | V1: LBR 3 X 3=….x3x1/173xgp/k.4(klo ada tunj tetap) | W1: 4 | X1: LBR 4X 4=….x3x1/173xgp/k.4(klo ada tunj tetap) | Y1: TTL LBR
A2: 1 | B2: ABDUL HALIM | C2: 222020 | E2: 1 | F2: NPWP | G2: K/3 | H2: =IF(OR(G2="TK/0",G2="TK/1",G2="K/0"),"KATEGORI A",IF(OR(G2="TK/2",G2="TK/3",G2="K/1",G2="K/2"),"KATEGORI B",IF(OR(G2="K/3"),"KATEGORI C",""))) -> KATEGORI C | I2: Ya | J2: Ya | K2: 2961337 | L2: =455000+325000+650000 -> 1430000 | M2: =+Y2 -> 1154947 | N2: =50000*31 -> 1550000 | O2: ='RINCIAN GAJI - GROSS'!W3 -> 6927922.9 | P2: aku buat sendiri | Q2: 13 | R2: =Q2*1.5*1/173*(K2+L2) -> 494977.29 | S2: 13 | T2: =S2*2*1/173*(K2+L2) -> 659969.72 | V2: =U2*3*1/173*4391337 -> 0 | X2: =W2*4*1/173*4391337 -> 0 | Y2: =R2+T2+V2+X2 -> 1154947
A3: =A2+1 -> 2 | B3: SRI ASLINDA | C3: K252070 | E3: =E2+1 -> 2 | F3: NPWP | G3: TK/0 | H3: =IF(OR(G3="TK/0",G3="TK/1",G3="K/0"),"KATEGORI A",IF(OR(G3="TK/2",G3="TK/3",G3="K/1",G3="K/2"),"KATEGORI B",IF(OR(G3="K/3"),"KATEGORI C",""))) -> KATEGORI A | I3: Ya | J3: Ya | K3: 2961337 | L3: =455000+325000+650000 -> 1430000 | M3: =+Y3+300000 -> 300000 | N3: =50000*31 -> 1550000 | O3: ='RINCIAN GAJI - GROSS'!W4 -> 6044904.4 | R3: =Q3*1.5*1/173*(K3+L3) -> 0 | T3: =S3*2*1/173*(K3+L3) -> 0 | V3: =U3*3*1/173*4391337 -> 0 | X3: =W3*4*1/173*4391337 -> 0 | Y3: =R3+T3+V3+X3 -> 0
A4: =A3+1 -> 3 | B4: RAFLY RAHMADAN GOBEL | C4: K262009 | E4: =E3+1 -> 3 | F4: NPWP | G4: TK/0 | H4: =IF(OR(G4="TK/0",G4="TK/1",G4="K/0"),"KATEGORI A",IF(OR(G4="TK/2",G4="TK/3",G4="K/1",G4="K/2"),"KATEGORI B",IF(OR(G4="K/3"),"KATEGORI C",""))) -> KATEGORI A | I4: Ya | J4: Ya | K4: 2961337 | L4: =455000+325000+650000 -> 1430000 | M4: =+Y4 -> 1231097.4 | N4: =50000*31 -> 1550000 | O4: ='RINCIAN GAJI - GROSS'!W5 -> 6948189.9 | Q4: 15 | R4: =Q4*1.5*1/173*(K4+L4) -> 571127.64 | S4: 13 | T4: =S4*2*1/173*(K4+L4) -> 659969.72 | V4: =U4*3*1/173*4391337 -> 0 | X4: =W4*4*1/173*4391337 -> 0 | Y4: =R4+T4+V4+X4 -> 1231097.4
A5: =A4+1 -> 4 | B5: RAHMAT HIDAYAT | C5: K262015 | E5: =E4+1 -> 4 | F5: NPWP | G5: TK/0 | H5: =IF(OR(G5="TK/0",G5="TK/1",G5="K/0"),"KATEGORI A",IF(OR(G5="TK/2",G5="TK/3",G5="K/1",G5="K/2"),"KATEGORI B",IF(OR(G5="K/3"),"KATEGORI C",""))) -> KATEGORI A | I5: Ya | J5: Ya | K5: 2961337 | L5: =455000+325000+650000 -> 1430000 | M5: =+Y5 -> 1637232.6 | N5: =50000*31 -> 1550000 | O5: ='RINCIAN GAJI - GROSS'!W6 -> 7329732.3 | Q5: 9 | R5: =Q5*1.5*1/173*(K5+L5) -> 342676.59 | S5: 25.5 | T5: =S5*2*1/173*(K5+L5) -> 1294556 | V5: =U5*3*1/173*4391337 -> 0 | X5: =W5*4*1/173*4391337 -> 0 | Y5: =R5+T5+V5+X5 -> 1637232.6
A6: =A5+1 -> 5 | B6: ARYABAYA SRIPATI | C6: K262020 | E6: =E5+1 -> 5 | F6: NPWP | G6: TK/0 | H6: =IF(OR(G6="TK/0",G6="TK/1",G6="K/0"),"KATEGORI A",IF(OR(G6="TK/2",G6="TK/3",G6="K/1",G6="K/2"),"KATEGORI B",IF(OR(G6="K/3"),"KATEGORI C",""))) -> KATEGORI A | I6: Ya | J6: Ya | K6: 2961337 | L6: =455000+325000+650000 -> 1430000 | M6: =+Y6 -> 342676.59 | N6: =50000*31 -> 1550000 | O6: ='RINCIAN GAJI - GROSS'!W7 -> 6087154.2 | Q6: 7 | R6: =Q6*1.5*1/173*(K6+L6) -> 266526.23 | S6: 1.5 | T6: =S6*2*1/173*(K6+L6) -> 76150.353 | V6: =U6*3*1/173*4391337 -> 0 | X6: =W6*4*1/173*4391337 -> 0 | Y6: =R6+T6+V6+X6 -> 342676.59
A7: =A6+1 -> 6 | B7: REZA NURHIDAYAT | C7: K262021 | E7: =E6+1 -> 6 | F7: NPWP | G7: TK/0 | H7: =IF(OR(G7="TK/0",G7="TK/1",G7="K/0"),"KATEGORI A",IF(OR(G7="TK/2",G7="TK/3",G7="K/1",G7="K/2"),"KATEGORI B",IF(OR(G7="K/3"),"KATEGORI C",""))) -> KATEGORI A | I7: Ya | J7: Ya | K7: 2961337 | L7: =455000+325000+650000 -> 1430000 | M7: =+Y7 -> 850345.6 | N7: =50000*31 -> 1550000 | O7: ='RINCIAN GAJI - GROSS'!W8 -> 6572197.6 | Q7: 13 | R7: =Q7*1.5*1/173*(K7+L7) -> 494977.29 | S7: 7 | T7: =S7*2*1/173*(K7+L7) -> 355368.31 | V7: =U7*3*1/173*4391337 -> 0 | X7: =W7*4*1/173*4391337 -> 0 | Y7: =R7+T7+V7+X7 -> 850345.6
A8: =A7+1 -> 7 | B8: MUHAMMAD ANSHAR A | C8: K262022 | E8: =E7+1 -> 7 | F8: NPWP | G8: K/1 | H8: =IF(OR(G8="TK/0",G8="TK/1",G8="K/0"),"KATEGORI A",IF(OR(G8="TK/2",G8="TK/3",G8="K/1",G8="K/2"),"KATEGORI B",IF(OR(G8="K/3"),"KATEGORI C",""))) -> KATEGORI B | I8: Ya | J8: Ya | K8: 2961337 | L8: =455000+325000+650000 -> 1430000 | M8: =+Y8 -> 1091488.4 | N8: =50000*31 -> 1550000 | O8: ='RINCIAN GAJI - GROSS'!W9 -> 6846629.8 | Q8: 10 | R8: =Q8*1.5*1/173*(K8+L8) -> 380751.76 | S8: 14 | T8: =S8*2*1/173*(K8+L8) -> 710736.62 | V8: =U8*3*1/173*4391337 -> 0 | X8: =W8*4*1/173*4391337 -> 0 | Y8: =R8+T8+V8+X8 -> 1091488.4
A9: =A8+1 -> 8 | B9: IKA JULITA | C9: K262023 | E9: =E8+1 -> 8 | F9: NPWP | G9: TK/1 | H9: =IF(OR(G9="TK/0",G9="TK/1",G9="K/0"),"KATEGORI A",IF(OR(G9="TK/2",G9="TK/3",G9="K/1",G9="K/2"),"KATEGORI B",IF(OR(G9="K/3"),"KATEGORI C",""))) -> KATEGORI A | I9: Ya | J9: Ya | K9: 2961337 | L9: =455000+325000+650000 -> 1430000 | M9: =+Y9+300000 -> 300000 | N9: =50000*31 -> 1550000 | O9: ='RINCIAN GAJI - GROSS'!W10 -> 6044904.4 | R9: =Q9*1.5*1/173*(K9+L9) -> 0 | T9: =S9*2*1/173*(K9+L9) -> 0 | V9: =U9*3*1/173*4391337 -> 0 | X9: =W9*4*1/173*4391337 -> 0 | Y9: =R9+T9+V9+X9 -> 0
A10: =A9+1 -> 9 | B10: FAJAR SHADIQ HERNANDA | C10: K262024 | E10: =E9+1 -> 9 | F10: NPWP | G10: TK/0 | H10: =IF(OR(G10="TK/0",G10="TK/1",G10="K/0"),"KATEGORI A",IF(OR(G10="TK/2",G10="TK/3",G10="K/1",G10="K/2"),"KATEGORI B",IF(OR(G10="K/3"),"KATEGORI C",""))) -> KATEGORI A | I10: Ya | J10: Ya | K10: 2961337 | L10: =455000+325000+650000 -> 1430000 | M10: =+Y10 -> 342676.59 | N10: =50000*31 -> 1550000 | O10: ='RINCIAN GAJI - GROSS'!W11 -> 6087154.2 | Q10: 7 | R10: =Q10*1.5*1/173*(K10+L10) -> 266526.23 | S10: 1.5 | T10: =S10*2*1/173*(K10+L10) -> 76150.353 | V10: =U10*3*1/173*4391337 -> 0 | X10: =W10*4*1/173*4391337 -> 0 | Y10: =R10+T10+V10+X10 -> 342676.59
A11: =A10+1 -> 10 | B11: BAGUS DWI ARISTA | C11: K262027 | E11: =E10+1 -> 10 | F11: NPWP | G11: TK/0 | H11: =IF(OR(G11="TK/0",G11="TK/1",G11="K/0"),"KATEGORI A",IF(OR(G11="TK/2",G11="TK/3",G11="K/1",G11="K/2"),"KATEGORI B",IF(OR(G11="K/3"),"KATEGORI C",""))) -> KATEGORI A | I11: Ya | J11: Ya | K11: 2961337 | L11: =455000+325000+650000 -> 1430000 | M11: =+Y11 -> 1472240.2 | N11: =50000*31 -> 1550000 | O11: ='RINCIAN GAJI - GROSS'!W12 -> 7167214.7 | Q11: 14 | R11: =Q11*1.5*1/173*(K11+L11) -> 533052.47 | S11: 18.5 | T11: =S11*2*1/173*(K11+L11) -> 939187.68 | V11: =U11*3*1/173*4391337 -> 0 | X11: =W11*4*1/173*4391337 -> 0 | Y11: =R11+T11+V11+X11 -> 1472240.2
A12: =A11+1 -> 11 | B12: SITI AISYAH | C12: K262049 | E12: =E11+1 -> 11 | F12: NPWP | G12: TK/0 | H12: =IF(OR(G12="TK/0",G12="TK/1",G12="K/0"),"KATEGORI A",IF(OR(G12="TK/2",G12="TK/3",G12="K/1",G12="K/2"),"KATEGORI B",IF(OR(G12="K/3"),"KATEGORI C",""))) -> KATEGORI A | I12: Ya | J12: Ya | K12: 2961337 | L12: =455000+325000+650000 -> 1430000 | M12: =+Y12 -> 76150.353 | N12: =50000*31 -> 1550000 | O12: ='RINCIAN GAJI - GROSS'!W13 -> 5838906.8 | Q12: 2 | R12: =Q12*1.5*1/173*(K12+L12) -> 76150.353 | T12: =S12*2*1/173*(K12+L12) -> 0 | V12: =U12*3*1/173*4391337 -> 0 | X12: =W12*4*1/173*4391337 -> 0 | Y12: =R12+T12+V12+X12 -> 76150.353
A13: =A12+1 -> 12 | B13: YUDI BISMANTAKA | C13: K262027 | E13: =E12+1 -> 12 | F13: NPWP | G13: TK/0 | H13: =IF(OR(G13="TK/0",G13="TK/1",G13="K/0"),"KATEGORI A",IF(OR(G13="TK/2",G13="TK/3",G13="K/1",G13="K/2"),"KATEGORI B",IF(OR(G13="K/3"),"KATEGORI C",""))) -> KATEGORI A | I13: Ya | J13: Ya | K13: 2961337 | L13: =455000+325000+650000 -> 1430000 | M13: =+Y13 -> 101533.8 | N13: =50000*31 -> 1550000 | O13: ='RINCIAN GAJI - GROSS'!W14 -> 5864099.8 | Q13: 2 | R13: =Q13*1.5*1/173*(K13+L13) -> 76150.353 | S13: 0.5 | T13: =S13*2*1/173*(K13+L13) -> 25383.451 | V13: =U13*3*1/173*4391337 -> 0 | X13: =W13*4*1/173*4391337 -> 0 | Y13: =R13+T13+V13+X13 -> 101533.8
A14: =A13+1 -> 13 | B14: WARDY | C14: K262056 | E14: =E13+1 -> 13 | F14: NPWP | G14: TK/0 | H14: =IF(OR(G14="TK/0",G14="TK/1",G14="K/0"),"KATEGORI A",IF(OR(G14="TK/2",G14="TK/3",G14="K/1",G14="K/2"),"KATEGORI B",IF(OR(G14="K/3"),"KATEGORI C",""))) -> KATEGORI A | I14: Ya | J14: Ya | K14: 2961337 | L14: =455000+325000+650000 -> 1430000 | M14: =+Y14 -> 698044.9 | N14: =50000*31 -> 1550000 | O14: ='RINCIAN GAJI - GROSS'!W15 -> 6421800.6 | Q14: 9 | R14: =Q14*1.5*1/173*(K14+L14) -> 342676.59 | S14: 7 | T14: =S14*2*1/173*(K14+L14) -> 355368.31 | V14: =U14*3*1/173*4391337 -> 0 | X14: =W14*4*1/173*4391337 -> 0 | Y14: =R14+T14+V14+X14 -> 698044.9
A15: =A14+1 -> 14 | B15: HANDRI PANGESTU | C15: K262057 | E15: =E14+1 -> 14 | F15: NPWP | G15: TK/0 | H15: =IF(OR(G15="TK/0",G15="TK/1",G15="K/0"),"KATEGORI A",IF(OR(G15="TK/2",G15="TK/3",G15="K/1",G15="K/2"),"KATEGORI B",IF(OR(G15="K/3"),"KATEGORI C",""))) -> KATEGORI A | I15: Ya | J15: Ya | K15: 2961337 | L15: =455000+325000+650000 -> 1430000 | M15: =+Y15 -> 418826.94 | N15: =50000*31 -> 1550000 | O15: ='RINCIAN GAJI - GROSS'!W16 -> 6162543.1 | Q15: 3 | R15: =Q15*1.5*1/173*(K15+L15) -> 114225.53 | S15: 6 | T15: =S15*2*1/173*(K15+L15) -> 304601.41 | V15: =U15*3*1/173*4391337 -> 0 | X15: =W15*4*1/173*4391337 -> 0 | Y15: =R15+T15+V15+X15 -> 418826.94
A16: =A15+1 -> 15 | B16: MUHAMMAD BAYU ARDIANTO | C16: K262058 | E16: =E15+1 -> 15 | F16: NPWP | G16: TK/0 | H16: =IF(OR(G16="TK/0",G16="TK/1",G16="K/0"),"KATEGORI A",IF(OR(G16="TK/2",G16="TK/3",G16="K/1",G16="K/2"),"KATEGORI B",IF(OR(G16="K/3"),"KATEGORI C",""))) -> KATEGORI A | I16: Ya | J16: Ya | K16: 2961337 | L16: =455000+325000+650000 -> 1430000 | M16: =+Y16 -> 101533.8 | N16: =50000*31 -> 1550000 | O16: ='RINCIAN GAJI - GROSS'!W17 -> 5864099.8 | Q16: 2 | R16: =Q16*1.5*1/173*(K16+L16) -> 76150.353 | S16: 0.5 | T16: =S16*2*1/173*(K16+L16) -> 25383.451 | V16: =U16*3*1/173*4391337 -> 0 | X16: =W16*4*1/173*4391337 -> 0 | Y16: =R16+T16+V16+X16 -> 101533.8
A17: =A16+1 -> 16 | B17: MUHAMMAD ZETYO D.H | C17: K262060 | D17: PLKS. LINGK & MUK | E17: =E16+1 -> 16 | F17: NPWP | G17: TK/0 | H17: =IF(OR(G17="TK/0",G17="TK/1",G17="K/0"),"KATEGORI A",IF(OR(G17="TK/2",G17="TK/3",G17="K/1",G17="K/2"),"KATEGORI B",IF(OR(G17="K/3"),"KATEGORI C",""))) -> KATEGORI A | I17: Ya | J17: Ya | K17: 2961337 | L17: =455000+325000+650000 -> 1430000 | M17: =+Y17 -> 266526.23 | N17: =50000*31 -> 1550000 | O17: ='RINCIAN GAJI - GROSS'!W18 -> 6011765.4 | Q17: 1 | R17: =Q17*1.5*1/173*(K17+L17) -> 38075.176 | S17: 4.5 | T17: =S17*2*1/173*(K17+L17) -> 228451.06 | V17: =U17*3*1/173*4391337 -> 0 | X17: =W17*4*1/173*4391337 -> 0 | Y17: =R17+T17+V17+X17 -> 266526.23
A18: =A17+1 -> 17 | B18: MUHAMMAD HIDAYATULLAH | C18: K262061 | D18: PLKS PNM & PML | E18: =E17+1 -> 17 | F18: NPWP | G18: TK/0 | H18: =IF(OR(G18="TK/0",G18="TK/1",G18="K/0"),"KATEGORI A",IF(OR(G18="TK/2",G18="TK/3",G18="K/1",G18="K/2"),"KATEGORI B",IF(OR(G18="K/3"),"KATEGORI C",""))) -> KATEGORI A | I18: Ya | J18: Ya | K18: 2961337 | L18: =455000+325000+650000 -> 1430000 | M18: =+Y18 -> 38075.176 | N18: =50000*31 -> 1550000 | O18: ='RINCIAN GAJI - GROSS'!W19 -> 5801117.1 | Q18: 1 | R18: =Q18*1.5*1/173*(K18+L18) -> 38075.176 | T18: =S18*2*1/173*(K18+L18) -> 0 | V18: =U18*3*1/173*4391337 -> 0 | X18: =W18*4*1/173*4391337 -> 0 | Y18: =R18+T18+V18+X18 -> 38075.176
A19: =A18+1 -> 18 | B19: ALYA JUNIANTI PRATIWI | C19: K262062 | D19: PLKS SDM DAN UMUM | E19: =E18+1 -> 18 | F19: NPWP | G19: TK/0 | H19: =IF(OR(G19="TK/0",G19="TK/1",G19="K/0"),"KATEGORI A",IF(OR(G19="TK/2",G19="TK/3",G19="K/1",G19="K/2"),"KATEGORI B",IF(OR(G19="K/3"),"KATEGORI C",""))) -> KATEGORI A | I19: Ya | J19: Ya | K19: 2961337 | L19: =455000+325000+650000 -> 1430000 | M19: =+Y19 -> 63458.627 | N19: =50000*31 -> 1550000 | O19: ='RINCIAN GAJI - GROSS'!W20 -> 5826310.2 | Q19: 1 | R19: =Q19*1.5*1/173*(K19+L19) -> 38075.176 | S19: 0.5 | T19: =S19*2*1/173*(K19+L19) -> 25383.451 | V19: =U19*3*1/173*4391337 -> 0 | X19: =W19*4*1/173*4391337 -> 0 | Y19: =R19+T19+V19+X19 -> 63458.627
A20: =A19+1 -> 19 | B20: MUAMMAR AKRAM | C20: K262065 | D20: PLKS PERENCANAAN | E20: =E19+1 -> 19 | F20: NPWP | G20: TK/0 | H20: =IF(OR(G20="TK/0",G20="TK/1",G20="K/0"),"KATEGORI A",IF(OR(G20="TK/2",G20="TK/3",G20="K/1",G20="K/2"),"KATEGORI B",IF(OR(G20="K/3"),"KATEGORI C",""))) -> KATEGORI A | I20: Ya | J20: Ya | K20: 2961337 | L20: =455000+325000+650000 -> 1430000 | M20: =+Y20 -> 1053413.2 | N20: =50000*31 -> 1550000 | O20: ='RINCIAN GAJI - GROSS'!W21 -> 6772726.8 | Q20: 9 | R20: =Q20*1.5*1/173*(K20+L20) -> 342676.59 | S20: 14 | T20: =S20*2*1/173*(K20+L20) -> 710736.62 | V20: =U20*3*1/173*4391337 -> 0 | X20: =W20*4*1/173*4391337 -> 0 | Y20: =R20+T20+V20+X20 -> 1053413.2
A21: =A20+1 -> 20 | B21: DARMAWAN SYAH | C21: K262066 | D21: OP EXCA MUK | E21: =E20+1 -> 20 | F21: NPWP | G21: K/2 | H21: =IF(OR(G21="TK/0",G21="TK/1",G21="K/0"),"KATEGORI A",IF(OR(G21="TK/2",G21="TK/3",G21="K/1",G21="K/2"),"KATEGORI B",IF(OR(G21="K/3"),"KATEGORI C",""))) -> KATEGORI B | I21: Ya | J21: Ya | K21: 2500000 | M21: =+Y21+4701000 -> 4701000 | N21: 600000 | O21: ='RINCIAN GAJI - GROSS'!W22 -> 7588970.8 | R21: =Q21*1.5*1/173*(K21+L21) -> 0 | T21: =S21*2*1/173*(K21+L21) -> 0 | V21: =U21*3*1/173*4391337 -> 0 | X21: =W21*4*1/173*4391337 -> 0 | Y21: =R21+T21+V21+X21 -> 0
A22: =A21+1 -> 21 | B22: MARIYAM | C22: K262072 | D22: JURMAS | E22: =E21+1 -> 21 | F22: NPWP | G22: TK/0 | H22: =IF(OR(G22="TK/0",G22="TK/1",G22="K/0"),"KATEGORI A",IF(OR(G22="TK/2",G22="TK/3",G22="K/1",G22="K/2"),"KATEGORI B",IF(OR(G22="K/3"),"KATEGORI C",""))) -> KATEGORI A | I22: Ya | J22: Ya | K22: 2961337 | L22: =455000+325000+650000 -> 1430000 | M22: 300000 | N22: =50000*24 -> 1200000 | O22: ='RINCIAN GAJI - GROSS'!W23 -> 5713702.5 | R22: =Q22*1.5*1/173*(K22+L22) -> 0 | T22: =S22*2*1/173*(K22+L22) -> 0 | V22: =U22*3*1/173*4391337 -> 0 | X22: =W22*4*1/173*4391337 -> 0 | Y22: =R22+T22+V22+X22 -> 0
A23: =A22+1 -> 22 | B23: ACHMAD RENALDI | C23: K262076 | D23: PLKS UMUM DRIVER MUK | E23: =E22+1 -> 22 | F23: NPWP | G23: TK/0 | H23: =IF(OR(G23="TK/0",G23="TK/1",G23="K/0"),"KATEGORI A",IF(OR(G23="TK/2",G23="TK/3",G23="K/1",G23="K/2"),"KATEGORI B",IF(OR(G23="K/3"),"KATEGORI C",""))) -> KATEGORI A | I23: Ya | J23: Ya | K23: 2961337 | L23: =455000+325000+650000 -> 1430000 | M23: =+Y23 -> 2614495.4 | N23: =50000*18 -> 900000 | O23: ='RINCIAN GAJI - GROSS'!W24 -> 7652086.2 | Q23: 6 | R23: =Q23*1.5*1/173*(K23+L23) -> 228451.06 | S23: 47 | T23: =S23*2*1/173*(K23+L23) -> 2386044.4 | V23: =U23*3*1/173*4391337 -> 0 | X23: =W23*4*1/173*4391337 -> 0 | Y23: =R23+T23+V23+X23 -> 2614495.4
A24: =A23+1 -> 23 | B24: ARIF GUNAWAN | C24: K262078 | D24: PLKS PAMHUTSOS | E24: =E23+1 -> 23 | F24: NPWP | G24: K/1 | H24: =IF(OR(G24="TK/0",G24="TK/1",G24="K/0"),"KATEGORI A",IF(OR(G24="TK/2",G24="TK/3",G24="K/1",G24="K/2"),"KATEGORI B",IF(OR(G24="K/3"),"KATEGORI C",""))) -> KATEGORI B | I24: Ya | J24: Ya | K24: 2961337 | L24: =455000+325000+650000 -> 1430000 | M24: =+Y24 -> 126917.25 | N24: =50000*16 -> 800000 | O24: ='RINCIAN GAJI - GROSS'!W25 -> 5186514.1 | Q24: 2 | R24: =Q24*1.5*1/173*(K24+L24) -> 76150.353 | S24: 1 | T24: =S24*2*1/173*(K24+L24) -> 50766.902 | V24: =U24*3*1/173*4391337 -> 0 | X24: =W24*4*1/173*4391337 -> 0 | Y24: =R24+T24+V24+X24 -> 126917.25
O25: ='RINCIAN GAJI - GROSS'!W26 -> 0
O26: ='RINCIAN GAJI - GROSS'!W27 -> 0 | T26: =S26*2*1/173*(K26+L26) -> 0 | V26: =U26*3*1/173*4391337 -> 0 | X26: =W26*4*1/173*4391337 -> 0 | Y26: =R26+T26+V26+X26 -> 0
O27: ='RINCIAN GAJI - GROSS'!W28 -> 0 | T27: =S27*2*1/173*(K27+L27) -> 0 | V27: =U27*3*1/173*4391337 -> 0 | X27: =W27*4*1/173*4391337 -> 0 | Y27: =R27+T27+V27+X27 -> 0

Sheet BPJS TK
A1: No | B1: Nama | C1: Upah yang Didaftarkan | D1: Iuran JKK | E1: Iuran JKM | F1: Iuran Jaminan Hari Tua | H1: Iuran Jaminan Pensiun | J1: Total
F2: Pemberi Kerja | G2: Tenaga Kerja | H2: Pemberi Kerja | I2: Tenaga Kerja
A3: =IF('TENAGA KERJA'!A2=0,"",'TENAGA KERJA'!A2) -> 1 | B3: =IF('TENAGA KERJA'!B2=0,"",'TENAGA KERJA'!B2) -> ABDUL HALIM | C3: =IF('TENAGA KERJA'!I2="Tidak",0,('TENAGA KERJA'!K2+'TENAGA KERJA'!L2)) -> 4391337 | D3: =C3*SETTING!$C$10 -> 39082.899 | E3: =C3*SETTING!$C$11 -> 13174.011 | F3: =C3*SETTING!$C$12 -> 162479.47 | G3: =C3*SETTING!$C$13 -> 87826.74 | J3: =SUM(D3:I3) -> 302563.12
A4: =IF('TENAGA KERJA'!A3=0,"",'TENAGA KERJA'!A3) -> 2 | B4: =IF('TENAGA KERJA'!B3=0,"",'TENAGA KERJA'!B3) -> SRI ASLINDA | C4: =IF('TENAGA KERJA'!I3="Tidak",0,('TENAGA KERJA'!K3+'TENAGA KERJA'!L3)) -> 4391337 | D4: =C4*SETTING!$C$10 -> 39082.899 | E4: =C4*SETTING!$C$11 -> 13174.011 | F4: =C4*SETTING!$C$12 -> 162479.47 | G4: =C4*SETTING!$C$13 -> 87826.74 | J4: =SUM(D4:I4) -> 302563.12
A5: =IF('TENAGA KERJA'!A4=0,"",'TENAGA KERJA'!A4) -> 3 | B5: =IF('TENAGA KERJA'!B4=0,"",'TENAGA KERJA'!B4) -> RAFLY RAHMADAN GOBEL | C5: =IF('TENAGA KERJA'!I4="Tidak",0,('TENAGA KERJA'!K4+'TENAGA KERJA'!L4)) -> 4391337 | D5: =C5*SETTING!$C$10 -> 39082.899 | E5: =C5*SETTING!$C$11 -> 13174.011 | F5: =C5*SETTING!$C$12 -> 162479.47 | G5: =C5*SETTING!$C$13 -> 87826.74 | J5: =SUM(D5:I5) -> 302563.12
A6: =IF('TENAGA KERJA'!A5=0,"",'TENAGA KERJA'!A5) -> 4 | B6: =IF('TENAGA KERJA'!B5=0,"",'TENAGA KERJA'!B5) -> RAHMAT HIDAYAT | C6: =IF('TENAGA KERJA'!I5="Tidak",0,('TENAGA KERJA'!K5+'TENAGA KERJA'!L5)) -> 4391337 | D6: =C6*SETTING!$C$10 -> 39082.899 | E6: =C6*SETTING!$C$11 -> 13174.011 | F6: =C6*SETTING!$C$12 -> 162479.47 | G6: =C6*SETTING!$C$13 -> 87826.74 | J6: =SUM(D6:I6) -> 302563.12
A7: =IF('TENAGA KERJA'!A6=0,"",'TENAGA KERJA'!A6) -> 5 | B7: =IF('TENAGA KERJA'!B6=0,"",'TENAGA KERJA'!B6) -> ARYABAYA SRIPATI | C7: =IF('TENAGA KERJA'!I6="Tidak",0,('TENAGA KERJA'!K6+'TENAGA KERJA'!L6)) -> 4391337 | D7: =C7*SETTING!$C$10 -> 39082.899 | E7: =C7*SETTING!$C$11 -> 13174.011 | F7: =C7*SETTING!$C$12 -> 162479.47 | G7: =C7*SETTING!$C$13 -> 87826.74 | J7: =SUM(D7:I7) -> 302563.12
A8: =IF('TENAGA KERJA'!A7=0,"",'TENAGA KERJA'!A7) -> 6 | B8: =IF('TENAGA KERJA'!B7=0,"",'TENAGA KERJA'!B7) -> REZA NURHIDAYAT | C8: =IF('TENAGA KERJA'!I7="Tidak",0,('TENAGA KERJA'!K7+'TENAGA KERJA'!L7)) -> 4391337 | D8: =C8*SETTING!$C$10 -> 39082.899 | E8: =C8*SETTING!$C$11 -> 13174.011 | F8: =C8*SETTING!$C$12 -> 162479.47 | G8: =C8*SETTING!$C$13 -> 87826.74 | J8: =SUM(D8:I8) -> 302563.12
A9: =IF('TENAGA KERJA'!A8=0,"",'TENAGA KERJA'!A8) -> 7 | B9: =IF('TENAGA KERJA'!B8=0,"",'TENAGA KERJA'!B8) -> MUHAMMAD ANSHAR A | C9: =IF('TENAGA KERJA'!I8="Tidak",0,('TENAGA KERJA'!K8+'TENAGA KERJA'!L8)) -> 4391337 | D9: =C9*SETTING!$C$10 -> 39082.899 | E9: =C9*SETTING!$C$11 -> 13174.011 | F9: =C9*SETTING!$C$12 -> 162479.47 | G9: =C9*SETTING!$C$13 -> 87826.74 | J9: =SUM(D9:I9) -> 302563.12
A10: =IF('TENAGA KERJA'!A9=0,"",'TENAGA KERJA'!A9) -> 8 | B10: =IF('TENAGA KERJA'!B9=0,"",'TENAGA KERJA'!B9) -> IKA JULITA | C10: =IF('TENAGA KERJA'!I9="Tidak",0,('TENAGA KERJA'!K9+'TENAGA KERJA'!L9)) -> 4391337 | D10: =C10*SETTING!$C$10 -> 39082.899 | E10: =C10*SETTING!$C$11 -> 13174.011 | F10: =C10*SETTING!$C$12 -> 162479.47 | G10: =C10*SETTING!$C$13 -> 87826.74 | J10: =SUM(D10:I10) -> 302563.12
A11: =IF('TENAGA KERJA'!A10=0,"",'TENAGA KERJA'!A10) -> 9 | B11: =IF('TENAGA KERJA'!B10=0,"",'TENAGA KERJA'!B10) -> FAJAR SHADIQ HERNANDA | C11: =IF('TENAGA KERJA'!I10="Tidak",0,('TENAGA KERJA'!K10+'TENAGA KERJA'!L10)) -> 4391337 | D11: =C11*SETTING!$C$10 -> 39082.899 | E11: =C11*SETTING!$C$11 -> 13174.011 | F11: =C11*SETTING!$C$12 -> 162479.47 | G11: =C11*SETTING!$C$13 -> 87826.74 | J11: =SUM(D11:I11) -> 302563.12
A12: =IF('TENAGA KERJA'!A11=0,"",'TENAGA KERJA'!A11) -> 10 | B12: =IF('TENAGA KERJA'!B11=0,"",'TENAGA KERJA'!B11) -> BAGUS DWI ARISTA | C12: =IF('TENAGA KERJA'!I11="Tidak",0,('TENAGA KERJA'!K11+'TENAGA KERJA'!L11)) -> 4391337 | D12: =C12*SETTING!$C$10 -> 39082.899 | E12: =C12*SETTING!$C$11 -> 13174.011 | F12: =C12*SETTING!$C$12 -> 162479.47 | G12: =C12*SETTING!$C$13 -> 87826.74 | J12: =SUM(D12:I12) -> 302563.12
A13: =IF('TENAGA KERJA'!A12=0,"",'TENAGA KERJA'!A12) -> 11 | B13: =IF('TENAGA KERJA'!B12=0,"",'TENAGA KERJA'!B12) -> SITI AISYAH | C13: =IF('TENAGA KERJA'!I12="Tidak",0,('TENAGA KERJA'!K12+'TENAGA KERJA'!L12)) -> 4391337 | D13: =C13*SETTING!$C$10 -> 39082.899 | E13: =C13*SETTING!$C$11 -> 13174.011 | F13: =C13*SETTING!$C$12 -> 162479.47 | G13: =C13*SETTING!$C$13 -> 87826.74 | J13: =SUM(D13:I13) -> 302563.12
A14: =IF('TENAGA KERJA'!A13=0,"",'TENAGA KERJA'!A13) -> 12 | B14: =IF('TENAGA KERJA'!B13=0,"",'TENAGA KERJA'!B13) -> YUDI BISMANTAKA | C14: =IF('TENAGA KERJA'!I13="Tidak",0,('TENAGA KERJA'!K13+'TENAGA KERJA'!L13)) -> 4391337 | D14: =C14*SETTING!$C$10 -> 39082.899 | E14: =C14*SETTING!$C$11 -> 13174.011 | F14: =C14*SETTING!$C$12 -> 162479.47 | G14: =C14*SETTING!$C$13 -> 87826.74 | J14: =SUM(D14:I14) -> 302563.12
... A21: =IF('TENAGA KERJA'!A20=0,"",'TENAGA KERJA'!A20) -> 19 | B21: =IF('TENAGA KERJA'!B20=0,"",'TENAGA KERJA'!B20) -> MUAMMAR AKRAM | C21: =IF('TENAGA KERJA'!I20="Tidak",0,('TENAGA KERJA'!K20+'TENAGA KERJA'!L20)) -> 4391337 | D21: =C21*SETTING!$C$10 -> 39082.899 | E21: =C21*SETTING!$C$11 -> 13174.011 | F21: =C21*SETTING!$C$12 -> 162479.47 | G21: =C21*SETTING!$C$13 -> 87826.74 | J21: =SUM(D21:I21) -> 302563.12
A22: =IF('TENAGA KERJA'!A21=0,"",'TENAGA KERJA'!A21) -> 20 | B22: =IF('TENAGA KERJA'!B21=0,"",'TENAGA KERJA'!B21) -> DARMAWAN SYAH | C22: =IF('TENAGA KERJA'!I21="Tidak",0,('TENAGA KERJA'!K21+'TENAGA KERJA'!L21))+1891337 -> 4391337 | D22: =C22*SETTING!$C$10 -> 39082.899 | E22: =C22*SETTING!$C$11 -> 13174.011 | F22: =C22*SETTING!$C$12 -> 162479.47 | G22: =C22*SETTING!$C$13 -> 87826.74 | J22: =SUM(D22:I22) -> 302563.12
A23: =IF('TENAGA KERJA'!A22=0,"",'TENAGA KERJA'!A22) -> 21 | B23: =IF('TENAGA KERJA'!B22=0,"",'TENAGA KERJA'!B22) -> MARIYAM | C23: =IF('TENAGA KERJA'!I22="Tidak",0,('TENAGA KERJA'!K22+'TENAGA KERJA'!L22)) -> 4391337 | D23: =C23*SETTING!$C$10 -> 39082.899 | E23: =C23*SETTING!$C$11 -> 13174.011 | F23: =C23*SETTING!$C$12 -> 162479.47 | G23: =C23*SETTING!$C$13 -> 87826.74 | J23: =SUM(D23:I23) -> 302563.12
A24: =IF('TENAGA KERJA'!A23=0,"",'TENAGA KERJA'!A23) -> 22 | B24: =IF('TENAGA KERJA'!B23=0,"",'TENAGA KERJA'!B23) -> ACHMAD RENALDI | C24: =IF('TENAGA KERJA'!I23="Tidak",0,('TENAGA KERJA'!K23+'TENAGA KERJA'!L23)) -> 4391337 | D24: =C24*SETTING!$C$10 -> 39082.899 | E24: =C24*SETTING!$C$11 -> 13174.011 | F24: =C24*SETTING!$C$12 -> 162479.47 | G24: =C24*SETTING!$C$13 -> 87826.74 | J24: =SUM(D24:I24) -> 302563.12
A25: =IF('TENAGA KERJA'!A24=0,"",'TENAGA KERJA'!A24) -> 23 | B25: =IF('TENAGA KERJA'!B24=0,"",'TENAGA KERJA'!B24) -> ARIF GUNAWAN | C25: =IF('TENAGA KERJA'!I24="Tidak",0,('TENAGA KERJA'!K24+'TENAGA KERJA'!L24)) -> 4391337 | D25: =C25*SETTING!$C$10 -> 39082.899 | E25: =C25*SETTING!$C$11 -> 13174.011 | F25: =C25*SETTING!$C$12 -> 162479.47 | G25: =C25*SETTING!$C$13 -> 87826.74 | J25: =SUM(D25:I25) -> 302563.12
A26: =IF('TENAGA KERJA'!A25=0,"",'TENAGA KERJA'!A25) | B26: =IF('TENAGA KERJA'!B25=0,"",'TENAGA KERJA'!B25) | C26: =IF('TENAGA KERJA'!I25="Tidak",0,('TENAGA KERJA'!K25+'TENAGA KERJA'!L25)) -> 0 | D26: =C26*SETTING!$C$10 -> 0 | E26: =C26*SETTING!$C$11 -> 0 | F26: =C26*SETTING!$C$12 -> 0 | G26: =C26*SETTING!$C$13 -> 0 | J26: =SUM(D26:I26) -> 0
A27: =IF('TENAGA KERJA'!A26=0,"",'TENAGA KERJA'!A26) | B27: =IF('TENAGA KERJA'!B26=0,"",'TENAGA KERJA'!B26) | C27: =IF('TENAGA KERJA'!I26="Tidak",0,('TENAGA KERJA'!K26+'TENAGA KERJA'!L26)) -> 0 | D27: =C27*SETTING!$C$10 -> 0 | E27: =C27*SETTING!$C$11 -> 0 | F27: =C27*SETTING!$C$12 -> 0 | G27: =C27*SETTING!$C$13 -> 0 | J27: =SUM(D27:I27) -> 0
A28: =IF('TENAGA KERJA'!A27=0,"",'TENAGA KERJA'!A27) | B28: =IF('TENAGA KERJA'!B27=0,"",'TENAGA KERJA'!B27) | C28: =IF('TENAGA KERJA'!I27="Tidak",0,('TENAGA KERJA'!K27+'TENAGA KERJA'!L27)) -> 0 | D28: =C28*SETTING!$C$10 -> 0 | E28: =C28*SETTING!$C$11 -> 0 | F28: =C28*SETTING!$C$12 -> 0 | G28: =C28*SETTING!$C$13 -> 0 | J28: =SUM(D28:I28) -> 0
A29: =IF('TENAGA KERJA'!A28=0,"",'TENAGA KERJA'!A28) | B29: =IF('TENAGA KERJA'!B28=0,"",'TENAGA KERJA'!B28) | C29: =IF('TENAGA KERJA'!I28="Tidak",0,('TENAGA KERJA'!K28+'TENAGA KERJA'!L28)) -> 0 | D29: =C29*SETTING!$C$10 -> 0 | E29: =C29*SETTING!$C$11 -> 0 | F29: =C29*SETTING!$C$12 -> 0 | G29: =C29*SETTING!$C$13 -> 0 | J29: =SUM(D29:I29) -> 0
A30: =IF('TENAGA KERJA'!A29=0,"",'TENAGA KERJA'!A29) | B30: =IF('TENAGA KERJA'!B29=0,"",'TENAGA KERJA'!B29) | C30: =IF('TENAGA KERJA'!I29="Tidak",0,('TENAGA KERJA'!K29+'TENAGA KERJA'!L29)) -> 0 | D30: =C30*SETTING!$C$10 -> 0 | E30: =C30*SETTING!$C$11 -> 0 | F30: =C30*SETTING!$C$12 -> 0 | G30: =C30*SETTING!$C$13 -> 0 | J30: =SUM(D30:I30) -> 0
A31: =IF('TENAGA KERJA'!A30=0,"",'TENAGA KERJA'!A30) | B31: =IF('TENAGA KERJA'!B30=0,"",'TENAGA KERJA'!B30) | C31: =IF('TENAGA KERJA'!I30="Tidak",0,('TENAGA KERJA'!K30+'TENAGA KERJA'!L30)) -> 0 | D31: =C31*SETTING!$C$10 -> 0 | E31: =C31*SETTING!$C$11 -> 0 | F31: =C31*SETTING!$C$12 -> 0 | G31: =C31*SETTING!$C$13 -> 0 | J31: =SUM(D31:I31) -> 0
A32: =IF('TENAGA KERJA'!A31=0,"",'TENAGA KERJA'!A31) | B32: =IF('TENAGA KERJA'!B31=0,"",'TENAGA KERJA'!B31) | C32: =IF('TENAGA KERJA'!I31="Tidak",0,('TENAGA KERJA'!K31+'TENAGA KERJA'!L31)) -> 0 | D32: =C32*SETTING!$C$10 -> 0 | E32: =C32*SETTING!$C$11 -> 0 | F32: =C32*SETTING!$C$12 -> 0 | G32: =C32*SETTING!$C$13 -> 0 | J32: =SUM(D32:I32) -> 0
A33: =IF('TENAGA KERJA'!A32=0,"",'TENAGA KERJA'!A32) | B33: =IF('TENAGA KERJA'!B32=0,"",'TENAGA KERJA'!B32) | C33: =IF('TENAGA KERJA'!I32="Tidak",0,('TENAGA KERJA'!K32+'TENAGA KERJA'!L32)) -> 0 | D33: =C33*SETTING!$C$10 -> 0 | E33: =C33*SETTING!$C$11 -> 0 | F33: =C33*SETTING!$C$12 -> 0 | G33: =C33*SETTING!$C$13 -> 0 | J33: =SUM(D33:I33) -> 0
A34: =IF('TENAGA KERJA'!A33=0,"",'TENAGA KERJA'!A33) | B34: =IF('TENAGA KERJA'!B33=0,"",'TENAGA KERJA'!B33) | C34: =IF('TENAGA KERJA'!I33="Tidak",0,('TENAGA KERJA'!K33+'TENAGA KERJA'!L33)) -> 0 | D34: =C34*SETTING!$C$10 -> 0 | E34: =C34*SETTING!$C$11 -> 0 | F34: =C34*SETTING!$C$12 -> 0 | G34: =C34*SETTING!$C$13 -> 0 | J34: =SUM(D34:I34) -> 0
... A39: =IF('TENAGA KERJA'!A38=0,"",'TENAGA KERJA'!A38) | B39: =IF('TENAGA KERJA'!B38=0,"",'TENAGA KERJA'!B38) | C39: =IF('TENAGA KERJA'!I38="Tidak",0,('TENAGA KERJA'!K38+'TENAGA KERJA'!L38)) -> 0 | D39: =C39*SETTING!$C$10 -> 0 | E39: =C39*SETTING!$C$11 -> 0 | F39: =C39*SETTING!$C$12 -> 0 | G39: =C39*SETTING!$C$13 -> 0 | J39: =SUM(D39:I39) -> 0
A40: =IF('TENAGA KERJA'!A39=0,"",'TENAGA KERJA'!A39) | B40: =IF('TENAGA KERJA'!B39=0,"",'TENAGA KERJA'!B39) | C40: =IF('TENAGA KERJA'!I39="Tidak",0,('TENAGA KERJA'!K39+'TENAGA KERJA'!L39)) -> 0 | D40: =C40*SETTING!$C$10 -> 0 | E40: =C40*SETTING!$C$11 -> 0 | F40: =C40*SETTING!$C$12 -> 0 | G40: =C40*SETTING!$C$13 -> 0 | J40: =SUM(D40:I40) -> 0 | K40: =C38-1796456 -> -1796456
A41: =IF('TENAGA KERJA'!A40=0,"",'TENAGA KERJA'!A40) | B41: =IF('TENAGA KERJA'!B40=0,"",'TENAGA KERJA'!B40) | C41: =IF('TENAGA KERJA'!I40="Tidak",0,('TENAGA KERJA'!K40+'TENAGA KERJA'!L40)) -> 0 | D41: =C41*SETTING!$C$10 -> 0 | E41: =C41*SETTING!$C$11 -> 0 | F41: =C41*SETTING!$C$12 -> 0 | G41: =C41*SETTING!$C$13 -> 0 | J41: =SUM(D41:I41) -> 0
A42: =IF('TENAGA KERJA'!A41=0,"",'TENAGA KERJA'!A41) | B42: =IF('TENAGA KERJA'!B41=0,"",'TENAGA KERJA'!B41) | C42: =IF('TENAGA KERJA'!I41="Tidak",0,('TENAGA KERJA'!K41+'TENAGA KERJA'!L41)) -> 0 | D42: =C42*SETTING!$C$10 -> 0 | E42: =C42*SETTING!$C$11 -> 0 | F42: =C42*SETTING!$C$12 -> 0 | G42: =C42*SETTING!$C$13 -> 0 | J42: =SUM(D42:I42) -> 0
A43: =IF('TENAGA KERJA'!A42=0,"",'TENAGA KERJA'!A42) | B43: =IF('TENAGA KERJA'!B42=0,"",'TENAGA KERJA'!B42) | C43: =IF('TENAGA KERJA'!I42="Tidak",0,('TENAGA KERJA'!K42+'TENAGA KERJA'!L42)) -> 0 | D43: =C43*SETTING!$C$10 -> 0 | E43: =C43*SETTING!$C$11 -> 0 | F43: =C43*SETTING!$C$12 -> 0 | G43: =C43*SETTING!$C$13 -> 0 | J43: =SUM(D43:I43) -> 0
A44: =IF('TENAGA KERJA'!A43=0,"",'TENAGA KERJA'!A43) | B44: =IF('TENAGA KERJA'!B43=0,"",'TENAGA KERJA'!B43) | C44: =IF('TENAGA KERJA'!I43="Tidak",0,('TENAGA KERJA'!K43+'TENAGA KERJA'!L43)) -> 0 | D44: =C44*SETTING!$C$10 -> 0 | E44: =C44*SETTING!$C$11 -> 0 | F44: =C44*SETTING!$C$12 -> 0 | G44: =C44*SETTING!$C$13 -> 0 | J44: =SUM(D44:I44) -> 0
A45: =IF('TENAGA KERJA'!A44=0,"",'TENAGA KERJA'!A44) | B45: =IF('TENAGA KERJA'!B44=0,"",'TENAGA KERJA'!B44) | C45: =IF('TENAGA KERJA'!I44="Tidak",0,('TENAGA KERJA'!K44+'TENAGA KERJA'!L44)) -> 0 | D45: =C45*SETTING!$C$10 -> 0 | E45: =C45*SETTING!$C$11 -> 0 | F45: =C45*SETTING!$C$12 -> 0 | G45: =C45*SETTING!$C$13 -> 0 | J45: =SUM(D45:I45) -> 0
A46: =IF('TENAGA KERJA'!A45=0,"",'TENAGA KERJA'!A45) | B46: =IF('TENAGA KERJA'!B45=0,"",'TENAGA KERJA'!B45) | C46: =IF('TENAGA KERJA'!I45="Tidak",0,('TENAGA KERJA'!K45+'TENAGA KERJA'!L45)) -> 0 | D46: =C46*SETTING!$C$10 -> 0 | E46: =C46*SETTING!$C$11 -> 0 | F46: =C46*SETTING!$C$12 -> 0 | G46: =C46*SETTING!$C$13 -> 0 | J46: =SUM(D46:I46) -> 0
A47: =IF('TENAGA KERJA'!A46=0,"",'TENAGA KERJA'!A46) | B47: =IF('TENAGA KERJA'!B46=0,"",'TENAGA KERJA'!B46) | C47: =IF('TENAGA KERJA'!I46="Tidak",0,('TENAGA KERJA'!K46+'TENAGA KERJA'!L46)) -> 0 | D47: =C47*SETTING!$C$10 -> 0 | E47: =C47*SETTING!$C$11 -> 0 | F47: =C47*SETTING!$C$12 -> 0 | G47: =C47*SETTING!$C$13 -> 0 | J47: =SUM(D47:I47) -> 0
A48: =IF('TENAGA KERJA'!A47=0,"",'TENAGA KERJA'!A47) | B48: =IF('TENAGA KERJA'!B47=0,"",'TENAGA KERJA'!B47) | C48: =IF('TENAGA KERJA'!I47="Tidak",0,('TENAGA KERJA'!K47+'TENAGA KERJA'!L47)) -> 0 | D48: =C48*SETTING!$C$10 -> 0 | E48: =C48*SETTING!$C$11 -> 0 | F48: =C48*SETTING!$C$12 -> 0 | G48: =C48*SETTING!$C$13 -> 0 | J48: =SUM(D48:I48) -> 0
A49: =IF('TENAGA KERJA'!A48=0,"",'TENAGA KERJA'!A48) | B49: =IF('TENAGA KERJA'!B48=0,"",'TENAGA KERJA'!B48) | C49: =IF('TENAGA KERJA'!I48="Tidak",0,('TENAGA KERJA'!K48+'TENAGA KERJA'!L48)) -> 0 | D49: =C49*SETTING!$C$10 -> 0 | E49: =C49*SETTING!$C$11 -> 0 | F49: =C49*SETTING!$C$12 -> 0 | G49: =C49*SETTING!$C$13 -> 0 | J49: =SUM(D49:I49) -> 0
A50: =IF('TENAGA KERJA'!A49=0,"",'TENAGA KERJA'!A49) | B50: =IF('TENAGA KERJA'!B49=0,"",'TENAGA KERJA'!B49) | C50: =IF('TENAGA KERJA'!I49="Tidak",0,('TENAGA KERJA'!K49+'TENAGA KERJA'!L49)) -> 0 | D50: =C50*SETTING!$C$10 -> 0 | E50: =C50*SETTING!$C$11 -> 0 | F50: =C50*SETTING!$C$12 -> 0 | G50: =C50*SETTING!$C$13 -> 0 | J50: =SUM(D50:I50) -> 0
A51: =IF('TENAGA KERJA'!A50=0,"",'TENAGA KERJA'!A50) | B51: =IF('TENAGA KERJA'!B50=0,"",'TENAGA KERJA'!B50) | C51: =IF('TENAGA KERJA'!I50="Tidak",0,('TENAGA KERJA'!K50+'TENAGA KERJA'!L50)) -> 0 | D51: =C51*SETTING!$C$10 -> 0 | E51: =C51*SETTING!$C$11 -> 0 | F51: =C51*SETTING!$C$12 -> 0 | G51: =C51*SETTING!$C$13 -> 0 | J51: =SUM(D51:I51) -> 0
A52: =IF('TENAGA KERJA'!A51=0,"",'TENAGA KERJA'!A51) | B52: =IF('TENAGA KERJA'!B51=0,"",'TENAGA KERJA'!B51) | C52: =IF('TENAGA KERJA'!I51="Tidak",0,('TENAGA KERJA'!K51+'TENAGA KERJA'!L51)) -> 0 | D52: =C52*SETTING!$C$10 -> 0 | E52: =C52*SETTING!$C$11 -> 0 | F52: =C52*SETTING!$C$12 -> 0 | G52: =C52*SETTING!$C$13 -> 0 | J52: =SUM(D52:I52) -> 0
... A92: =IF('TENAGA KERJA'!A91=0,"",'TENAGA KERJA'!A91) | B92: =IF('TENAGA KERJA'!B91=0,"",'TENAGA KERJA'!B91) | C92: =IF('TENAGA KERJA'!I91="Tidak",0,('TENAGA KERJA'!K91+'TENAGA KERJA'!L91)) -> 0 | D92: =C92*SETTING!$C$10 -> 0 | E92: =C92*SETTING!$C$11 -> 0 | F92: =C92*SETTING!$C$12 -> 0 | G92: =C92*SETTING!$C$13 -> 0 | J92: =SUM(D92:I92) -> 0
A93: =IF('TENAGA KERJA'!A92=0,"",'TENAGA KERJA'!A92) | B93: =IF('TENAGA KERJA'!B92=0,"",'TENAGA KERJA'!B92) | C93: =IF('TENAGA KERJA'!I92="Tidak",0,('TENAGA KERJA'!K92+'TENAGA KERJA'!L92)) -> 0 | D93: =C93*SETTING!$C$10 -> 0 | E93: =C93*SETTING!$C$11 -> 0 | F93: =C93*SETTING!$C$12 -> 0 | G93: =C93*SETTING!$C$13 -> 0 | J93: =SUM(D93:I93) -> 0 | K93: =4391337-1796456 -> 2594881
A94: =IF('TENAGA KERJA'!A93=0,"",'TENAGA KERJA'!A93) | B94: =IF('TENAGA KERJA'!B93=0,"",'TENAGA KERJA'!B93) | C94: =IF('TENAGA KERJA'!I93="Tidak",0,('TENAGA KERJA'!K93+'TENAGA KERJA'!L93)) -> 0 | D94: =C94*SETTING!$C$10 -> 0 | E94: =C94*SETTING!$C$11 -> 0 | F94: =C94*SETTING!$C$12 -> 0 | G94: =C94*SETTING!$C$13 -> 0 | J94: =SUM(D94:I94) -> 0
A95: =IF('TENAGA KERJA'!A94=0,"",'TENAGA KERJA'!A94) | B95: =IF('TENAGA KERJA'!B94=0,"",'TENAGA KERJA'!B94) | C95: =IF('TENAGA KERJA'!I94="Tidak",0,('TENAGA KERJA'!K94+'TENAGA KERJA'!L94)) -> 0 | D95: =C95*SETTING!$C$10 -> 0 | E95: =C95*SETTING!$C$11 -> 0 | F95: =C95*SETTING!$C$12 -> 0 | G95: =C95*SETTING!$C$13 -> 0 | J95: =SUM(D95:I95) -> 0
A96: =IF('TENAGA KERJA'!A95=0,"",'TENAGA KERJA'!A95) | B96: =IF('TENAGA KERJA'!B95=0,"",'TENAGA KERJA'!B95) | C96: =IF('TENAGA KERJA'!I95="Tidak",0,('TENAGA KERJA'!K95+'TENAGA KERJA'!L95)) -> 0 | D96: =C96*SETTING!$C$10 -> 0 | E96: =C96*SETTING!$C$11 -> 0 | F96: =C96*SETTING!$C$12 -> 0 | G96: =C96*SETTING!$C$13 -> 0 | J96: =SUM(D96:I96) -> 0
A97: =IF('TENAGA KERJA'!A96=0,"",'TENAGA KERJA'!A96) | B97: =IF('TENAGA KERJA'!B96=0,"",'TENAGA KERJA'!B96) | C97: =IF('TENAGA KERJA'!I96="Tidak",0,('TENAGA KERJA'!K96+'TENAGA KERJA'!L96)) -> 0 | D97: =C97*SETTING!$C$10 -> 0 | E97: =C97*SETTING!$C$11 -> 0 | F97: =C97*SETTING!$C$12 -> 0 | G97: =C97*SETTING!$C$13 -> 0 | J97: =SUM(D97:I97) -> 0
A98: =IF('TENAGA KERJA'!A97=0,"",'TENAGA KERJA'!A97) | B98: =IF('TENAGA KERJA'!B97=0,"",'TENAGA KERJA'!B97) | C98: =IF('TENAGA KERJA'!I97="Tidak",0,('TENAGA KERJA'!K97+'TENAGA KERJA'!L97)) -> 0 | D98: =C98*SETTING!$C$10 -> 0 | E98: =C98*SETTING!$C$11 -> 0 | F98: =C98*SETTING!$C$12 -> 0 | G98: =C98*SETTING!$C$13 -> 0 | J98: =SUM(D98:I98) -> 0
A99: =IF('TENAGA KERJA'!A98=0,"",'TENAGA KERJA'!A98) | B99: =IF('TENAGA KERJA'!B98=0,"",'TENAGA KERJA'!B98) | C99: =IF('TENAGA KERJA'!I98="Tidak",0,('TENAGA KERJA'!K98+'TENAGA KERJA'!L98))+1891337 -> 1891337 | D99: =C99*SETTING!$C$10 -> 16832.899 | E99: =C99*SETTING!$C$11 -> 5674.011 | F99: =C99*SETTING!$C$12 -> 69979.469 | G99: =C99*SETTING!$C$13 -> 37826.74 | J99: =SUM(D99:I99) -> 130313.12
A100: =IF('TENAGA KERJA'!A99=0,"",'TENAGA KERJA'!A99) | B100: =IF('TENAGA KERJA'!B99=0,"",'TENAGA KERJA'!B99) | C100: =IF('TENAGA KERJA'!I99="Tidak",0,('TENAGA KERJA'!K99+'TENAGA KERJA'!L99)) -> 0 | D100: =C100*SETTING!$C$10 -> 0 | E100: =C100*SETTING!$C$11 -> 0 | F100: =C100*SETTING!$C$12 -> 0 | G100: =C100*SETTING!$C$13 -> 0 | J100: =SUM(D100:I100) -> 0 | K100: =SUM(G29:G99)+G168 -> 75653.48
A101: =IF('TENAGA KERJA'!A100=0,"",'TENAGA KERJA'!A100) | B101: =IF('TENAGA KERJA'!B100=0,"",'TENAGA KERJA'!B100) | C101: =IF('TENAGA KERJA'!I100="Tidak",0,('TENAGA KERJA'!K100+'TENAGA KERJA'!L100)) -> 0 | D101: =C101*SETTING!$C$10 -> 0 | E101: =C101*SETTING!$C$11 -> 0 | F101: =C101*SETTING!$C$12 -> 0 | G101: =C101*SETTING!$C$13 -> 0 | J101: =SUM(D101:I101) -> 0
A102: =IF('TENAGA KERJA'!A101=0,"",'TENAGA KERJA'!A101) | B102: =IF('TENAGA KERJA'!B101=0,"",'TENAGA KERJA'!B101) | C102: =IF('TENAGA KERJA'!I101="Tidak",0,('TENAGA KERJA'!K101+'TENAGA KERJA'!L101)) -> 0 | D102: =C102*SETTING!$C$10 -> 0 | E102: =C102*SETTING!$C$11 -> 0 | F102: =C102*SETTING!$C$12 -> 0 | G102: =C102*SETTING!$C$13 -> 0 | J102: =SUM(D102:I102) -> 0
A103: =IF('TENAGA KERJA'!A102=0,"",'TENAGA KERJA'!A102) | B103: =IF('TENAGA KERJA'!B102=0,"",'TENAGA KERJA'!B102) | C103: =IF('TENAGA KERJA'!I102="Tidak",0,('TENAGA KERJA'!K102+'TENAGA KERJA'!L102)) -> 0 | D103: =C103*SETTING!$C$10 -> 0 | E103: =C103*SETTING!$C$11 -> 0 | F103: =C103*SETTING!$C$12 -> 0 | G103: =C103*SETTING!$C$13 -> 0 | J103: =SUM(D103:I103) -> 0
A104: =IF('TENAGA KERJA'!A103=0,"",'TENAGA KERJA'!A103) | B104: =IF('TENAGA KERJA'!B103=0,"",'TENAGA KERJA'!B103) | C104: =IF('TENAGA KERJA'!I103="Tidak",0,('TENAGA KERJA'!K103+'TENAGA KERJA'!L103)) -> 0 | D104: =C104*SETTING!$C$10 -> 0 | E104: =C104*SETTING!$C$11 -> 0 | F104: =C104*SETTING!$C$12 -> 0 | G104: =C104*SETTING!$C$13 -> 0 | J104: =SUM(D104:I104) -> 0
A105: =IF('TENAGA KERJA'!A104=0,"",'TENAGA KERJA'!A104) | B105: =IF('TENAGA KERJA'!B104=0,"",'TENAGA KERJA'!B104) | C105: =IF('TENAGA KERJA'!I104="Tidak",0,('TENAGA KERJA'!K104+'TENAGA KERJA'!L104)) -> 0 | D105: =C105*SETTING!$C$10 -> 0 | E105: =C105*SETTING!$C$11 -> 0 | F105: =C105*SETTING!$C$12 -> 0 | G105: =C105*SETTING!$C$13 -> 0 | J105: =SUM(D105:I105) -> 0
A106: =IF('TENAGA KERJA'!A105=0,"",'TENAGA KERJA'!A105) | B106: =IF('TENAGA KERJA'!B105=0,"",'TENAGA KERJA'!B105) | C106: =IF('TENAGA KERJA'!I105="Tidak",0,('TENAGA KERJA'!K105+'TENAGA KERJA'!L105)) -> 0 | D106: =C106*SETTING!$C$10 -> 0 | E106: =C106*SETTING!$C$11 -> 0 | F106: =C106*SETTING!$C$12 -> 0 | G106: =C106*SETTING!$C$13 -> 0 | J106: =SUM(D106:I106) -> 0
A107: =IF('TENAGA KERJA'!A106=0,"",'TENAGA KERJA'!A106) | B107: =IF('TENAGA KERJA'!B106=0,"",'TENAGA KERJA'!B106) | C107: =IF('TENAGA KERJA'!I106="Tidak",0,('TENAGA KERJA'!K106+'TENAGA KERJA'!L106)) -> 0 | D107: =C107*SETTING!$C$10 -> 0 | E107: =C107*SETTING!$C$11 -> 0 | F107: =C107*SETTING!$C$12 -> 0 | G107: =C107*SETTING!$C$13 -> 0 | J107: =SUM(D107:I107) -> 0
A108: =IF('TENAGA KERJA'!A107=0,"",'TENAGA KERJA'!A107) | B108: =IF('TENAGA KERJA'!B107=0,"",'TENAGA KERJA'!B107) | C108: =IF('TENAGA KERJA'!I107="Tidak",0,('TENAGA KERJA'!K107+'TENAGA KERJA'!L107)) -> 0 | D108: =C108*SETTING!$C$10 -> 0 | E108: =C108*SETTING!$C$11 -> 0 | F108: =C108*SETTING!$C$12 -> 0 | G108: =C108*SETTING!$C$13 -> 0 | J108: =SUM(D108:I108) -> 0
A109: =IF('TENAGA KERJA'!A108=0,"",'TENAGA KERJA'!A108) | B109: =IF('TENAGA KERJA'!B108=0,"",'TENAGA KERJA'!B108) | C109: =IF('TENAGA KERJA'!I108="Tidak",0,('TENAGA KERJA'!K108+'TENAGA KERJA'!L108)) -> 0 | D109: =C109*SETTING!$C$10 -> 0 | E109: =C109*SETTING!$C$11 -> 0 | F109: =C109*SETTING!$C$12 -> 0 | G109: =C109*SETTING!$C$13 -> 0 | J109: =SUM(D109:I109) -> 0
A110: =IF('TENAGA KERJA'!A109=0,"",'TENAGA KERJA'!A109) | B110: =IF('TENAGA KERJA'!B109=0,"",'TENAGA KERJA'!B109) | C110: =IF('TENAGA KERJA'!I109="Tidak",0,('TENAGA KERJA'!K109+'TENAGA KERJA'!L109)) -> 0 | D110: =C110*SETTING!$C$10 -> 0 | E110: =C110*SETTING!$C$11 -> 0 | F110: =C110*SETTING!$C$12 -> 0 | G110: =C110*SETTING!$C$13 -> 0 | J110: =SUM(D110:I110) -> 0
A111: =IF('TENAGA KERJA'!A110=0,"",'TENAGA KERJA'!A110) | B111: =IF('TENAGA KERJA'!B110=0,"",'TENAGA KERJA'!B110) | C111: =IF('TENAGA KERJA'!I110="Tidak",0,('TENAGA KERJA'!K110+'TENAGA KERJA'!L110)) -> 0 | D111: =C111*SETTING!$C$10 -> 0 | E111: =C111*SETTING!$C$11 -> 0 | F111: =C111*SETTING!$C$12 -> 0 | G111: =C111*SETTING!$C$13 -> 0 | J111: =SUM(D111:I111) -> 0
A112: =IF('TENAGA KERJA'!A111=0,"",'TENAGA KERJA'!A111) | B112: =IF('TENAGA KERJA'!B111=0,"",'TENAGA KERJA'!B111) | C112: =IF('TENAGA KERJA'!I111="Tidak",0,('TENAGA KERJA'!K111+'TENAGA KERJA'!L111)) -> 0 | D112: =C112*SETTING!$C$10 -> 0 | E112: =C112*SETTING!$C$11 -> 0 | F112: =C112*SETTING!$C$12 -> 0 | G112: =C112*SETTING!$C$13 -> 0 | J112: =SUM(D112:I112) -> 0
... A130: =IF('TENAGA KERJA'!A129=0,"",'TENAGA KERJA'!A129) | B130: =IF('TENAGA KERJA'!B129=0,"",'TENAGA KERJA'!B129) | C130: =IF('TENAGA KERJA'!I129="Tidak",0,('TENAGA KERJA'!K129+'TENAGA KERJA'!L129)) -> 0 | D130: =C130*SETTING!$C$10 -> 0 | E130: =C130*SETTING!$C$11 -> 0 | F130: =C130*SETTING!$C$12 -> 0 | G130: =C130*SETTING!$C$13 -> 0 | J130: =SUM(D130:I130) -> 0
A131: =IF('TENAGA KERJA'!A130=0,"",'TENAGA KERJA'!A130) | B131: =IF('TENAGA KERJA'!B130=0,"",'TENAGA KERJA'!B130) | C131: =IF('TENAGA KERJA'!I130="Tidak",0,('TENAGA KERJA'!K130+'TENAGA KERJA'!L130))+1891337 -> 1891337 | D131: =C131*SETTING!$C$10 -> 16832.899 | E131: =C131*SETTING!$C$11 -> 5674.011 | F131: =C131*SETTING!$C$12 -> 69979.469 | G131: =C131*SETTING!$C$13 -> 37826.74 | J131: =SUM(D131:I131) -> 130313.12
A132: =IF('TENAGA KERJA'!A131=0,"",'TENAGA KERJA'!A131) | B132: =IF('TENAGA KERJA'!B131=0,"",'TENAGA KERJA'!B131) | C132: =IF('TENAGA KERJA'!I131="Tidak",0,('TENAGA KERJA'!K131+'TENAGA KERJA'!L131)) -> 0 | D132: =C132*SETTING!$C$10 -> 0 | E132: =C132*SETTING!$C$11 -> 0 | F132: =C132*SETTING!$C$12 -> 0 | G132: =C132*SETTING!$C$13 -> 0 | J132: =SUM(D132:I132) -> 0
A133: =IF('TENAGA KERJA'!A132=0,"",'TENAGA KERJA'!A132) | B133: =IF('TENAGA KERJA'!B132=0,"",'TENAGA KERJA'!B132) | C133: =IF('TENAGA KERJA'!I132="Tidak",0,('TENAGA KERJA'!K132+'TENAGA KERJA'!L132)) -> 0 | D133: =C133*SETTING!$C$10 -> 0 | E133: =C133*SETTING!$C$11 -> 0 | F133: =C133*SETTING!$C$12 -> 0 | G133: =C133*SETTING!$C$13 -> 0 | J133: =SUM(D133:I133) -> 0
A134: =IF('TENAGA KERJA'!A133=0,"",'TENAGA KERJA'!A133) | B134: =IF('TENAGA KERJA'!B133=0,"",'TENAGA KERJA'!B133) | C134: =IF('TENAGA KERJA'!I133="Tidak",0,('TENAGA KERJA'!K133+'TENAGA KERJA'!L133)) -> 0 | D134: =C134*SETTING!$C$10 -> 0 | E134: =C134*SETTING!$C$11 -> 0 | F134: =C134*SETTING!$C$12 -> 0 | G134: =C134*SETTING!$C$13 -> 0 | J134: =SUM(D134:I134) -> 0
A135: =IF('TENAGA KERJA'!A134=0,"",'TENAGA KERJA'!A134) | B135: =IF('TENAGA KERJA'!B134=0,"",'TENAGA KERJA'!B134) | C135: =IF('TENAGA KERJA'!I134="Tidak",0,('TENAGA KERJA'!K134+'TENAGA KERJA'!L134)) -> 0 | D135: =C135*SETTING!$C$10 -> 0 | E135: =C135*SETTING!$C$11 -> 0 | F135: =C135*SETTING!$C$12 -> 0 | G135: =C135*SETTING!$C$13 -> 0 | J135: =SUM(D135:I135) -> 0
A136: =IF('TENAGA KERJA'!A135=0,"",'TENAGA KERJA'!A135) | B136: =IF('TENAGA KERJA'!B135=0,"",'TENAGA KERJA'!B135) | C136: =IF('TENAGA KERJA'!I135="Tidak",0,('TENAGA KERJA'!K135+'TENAGA KERJA'!L135)) -> 0 | D136: =C136*SETTING!$C$10 -> 0 | E136: =C136*SETTING!$C$11 -> 0 | F136: =C136*SETTING!$C$12 -> 0 | G136: =C136*SETTING!$C$13 -> 0 | J136: =SUM(D136:I136) -> 0 | K136: =C135-2049291 -> -2049291
A137: =IF('TENAGA KERJA'!A136=0,"",'TENAGA KERJA'!A136) | B137: =IF('TENAGA KERJA'!B136=0,"",'TENAGA KERJA'!B136) | C137: =IF('TENAGA KERJA'!I136="Tidak",0,('TENAGA KERJA'!K136+'TENAGA KERJA'!L136)) -> 0 | D137: =C137*SETTING!$C$10 -> 0 | E137: =C137*SETTING!$C$11 -> 0 | F137: =C137*SETTING!$C$12 -> 0 | G137: =C137*SETTING!$C$13 -> 0 | J137: =SUM(D137:I137) -> 0
A138: =IF('TENAGA KERJA'!A137=0,"",'TENAGA KERJA'!A137) | B138: =IF('TENAGA KERJA'!B137=0,"",'TENAGA KERJA'!B137) | C138: =IF('TENAGA KERJA'!I137="Tidak",0,('TENAGA KERJA'!K137+'TENAGA KERJA'!L137)) -> 0 | D138: =C138*SETTING!$C$10 -> 0 | E138: =C138*SETTING!$C$11 -> 0 | F138: =C138*SETTING!$C$12 -> 0 | G138: =C138*SETTING!$C$13 -> 0 | J138: =SUM(D138:I138) -> 0 | K138: =SUM(G102:G137) -> 37826.74
A139: =IF('TENAGA KERJA'!A138=0,"",'TENAGA KERJA'!A138) | B139: =IF('TENAGA KERJA'!B138=0,"",'TENAGA KERJA'!B138) | C139: =IF('TENAGA KERJA'!I138="Tidak",0,('TENAGA KERJA'!K138+'TENAGA KERJA'!L138)) -> 0 | D139: =C139*SETTING!$C$10 -> 0 | E139: =C139*SETTING!$C$11 -> 0 | F139: =C139*SETTING!$C$12 -> 0 | G139: =C139*SETTING!$C$13 -> 0 | J139: =SUM(D139:I139) -> 0
A140: =IF('TENAGA KERJA'!A139=0,"",'TENAGA KERJA'!A139) | B140: =IF('TENAGA KERJA'!B139=0,"",'TENAGA KERJA'!B139) | C140: =IF('TENAGA KERJA'!I139="Tidak",0,('TENAGA KERJA'!K139+'TENAGA KERJA'!L139)) -> 0 | D140: =C140*SETTING!$C$10 -> 0 | E140: =C140*SETTING!$C$11 -> 0 | F140: =C140*SETTING!$C$12 -> 0 | G140: =C140*SETTING!$C$13 -> 0 | J140: =SUM(D140:I140) -> 0
A141: =IF('TENAGA KERJA'!A140=0,"",'TENAGA KERJA'!A140) | B141: =IF('TENAGA KERJA'!B140=0,"",'TENAGA KERJA'!B140) | C141: =IF('TENAGA KERJA'!I140="Tidak",0,('TENAGA KERJA'!K140+'TENAGA KERJA'!L140)) -> 0 | D141: =C141*SETTING!$C$10 -> 0 | E141: =C141*SETTING!$C$11 -> 0 | F141: =C141*SETTING!$C$12 -> 0 | G141: =C141*SETTING!$C$13 -> 0 | J141: =SUM(D141:I141) -> 0
A142: =IF('TENAGA KERJA'!A141=0,"",'TENAGA KERJA'!A141) | B142: =IF('TENAGA KERJA'!B141=0,"",'TENAGA KERJA'!B141) | C142: =IF('TENAGA KERJA'!I141="Tidak",0,('TENAGA KERJA'!K141+'TENAGA KERJA'!L141)) -> 0 | D142: =C142*SETTING!$C$10 -> 0 | E142: =C142*SETTING!$C$11 -> 0 | F142: =C142*SETTING!$C$12 -> 0 | G142: =C142*SETTING!$C$13 -> 0 | J142: =SUM(D142:I142) -> 0
A143: =IF('TENAGA KERJA'!A142=0,"",'TENAGA KERJA'!A142) | B143: =IF('TENAGA KERJA'!B142=0,"",'TENAGA KERJA'!B142) | C143: =IF('TENAGA KERJA'!I142="Tidak",0,('TENAGA KERJA'!K142+'TENAGA KERJA'!L142)) -> 0 | D143: =C143*SETTING!$C$10 -> 0 | E143: =C143*SETTING!$C$11 -> 0 | F143: =C143*SETTING!$C$12 -> 0 | G143: =C143*SETTING!$C$13 -> 0 | J143: =SUM(D143:I143) -> 0 | K143: =SUM(#REF!) -> #REF! | L143: =SUM(#REF!) -> #REF! | M143: =SUM(#REF!) -> #REF! | N143: =SUM(#REF!) -> #REF! | O143: =SUM(#REF!) -> #REF! | P143: =SUM(#REF!) -> #REF! | Q143: =SUM(#REF!) -> #REF! | R143: =SUM(K103:K143) -> #REF!
A144: =IF('TENAGA KERJA'!A143=0,"",'TENAGA KERJA'!A143) | B144: =IF('TENAGA KERJA'!B143=0,"",'TENAGA KERJA'!B143) | C144: =IF('TENAGA KERJA'!I143="Tidak",0,('TENAGA KERJA'!K143+'TENAGA KERJA'!L143)) -> 0 | D144: =C144*SETTING!$C$10 -> 0 | E144: =C144*SETTING!$C$11 -> 0 | F144: =C144*SETTING!$C$12 -> 0 | G144: =C144*SETTING!$C$13 -> 0 | J144: =SUM(D144:I144) -> 0
A145: =IF('TENAGA KERJA'!A144=0,"",'TENAGA KERJA'!A144) | B145: =IF('TENAGA KERJA'!B144=0,"",'TENAGA KERJA'!B144) | C145: =IF('TENAGA KERJA'!I144="Tidak",0,('TENAGA KERJA'!K144+'TENAGA KERJA'!L144)) -> 0 | D145: =C145*SETTING!$C$10 -> 0 | E145: =C145*SETTING!$C$11 -> 0 | F145: =C145*SETTING!$C$12 -> 0 | G145: =C145*SETTING!$C$13 -> 0 | J145: =SUM(D145:I145) -> 0
A146: =IF('TENAGA KERJA'!A145=0,"",'TENAGA KERJA'!A145) | B146: =IF('TENAGA KERJA'!B145=0,"",'TENAGA KERJA'!B145) | C146: =IF('TENAGA KERJA'!I145="Tidak",0,('TENAGA KERJA'!K145+'TENAGA KERJA'!L145)) -> 0 | D146: =C146*SETTING!$C$10 -> 0 | E146: =C146*SETTING!$C$11 -> 0 | F146: =C146*SETTING!$C$12 -> 0 | G146: =C146*SETTING!$C$13 -> 0 | J146: =SUM(D146:I146) -> 0
A147: =IF('TENAGA KERJA'!A146=0,"",'TENAGA KERJA'!A146) | B147: =IF('TENAGA KERJA'!B146=0,"",'TENAGA KERJA'!B146) | C147: =IF('TENAGA KERJA'!I146="Tidak",0,('TENAGA KERJA'!K146+'TENAGA KERJA'!L146)) -> 0 | D147: =C147*SETTING!$C$10 -> 0 | E147: =C147*SETTING!$C$11 -> 0 | F147: =C147*SETTING!$C$12 -> 0 | G147: =C147*SETTING!$C$13 -> 0 | J147: =SUM(D147:I147) -> 0
A148: =IF('TENAGA KERJA'!A147=0,"",'TENAGA KERJA'!A147) | B148: =IF('TENAGA KERJA'!B147=0,"",'TENAGA KERJA'!B147) | C148: =IF('TENAGA KERJA'!I147="Tidak",0,('TENAGA KERJA'!K147+'TENAGA KERJA'!L147)) -> 0 | D148: =C148*SETTING!$C$10 -> 0 | E148: =C148*SETTING!$C$11 -> 0 | F148: =C148*SETTING!$C$12 -> 0 | G148: =C148*SETTING!$C$13 -> 0 | J148: =SUM(D148:I148) -> 0
A149: =IF('TENAGA KERJA'!A148=0,"",'TENAGA KERJA'!A148) | B149: =IF('TENAGA KERJA'!B148=0,"",'TENAGA KERJA'!B148) | C149: =IF('TENAGA KERJA'!I148="Tidak",0,('TENAGA KERJA'!K148+'TENAGA KERJA'!L148)) -> 0 | D149: =C149*SETTING!$C$10 -> 0 | E149: =C149*SETTING!$C$11 -> 0 | F149: =C149*SETTING!$C$12 -> 0 | G149: =C149*SETTING!$C$13 -> 0 | J149: =SUM(D149:I149) -> 0
A150: =IF('TENAGA KERJA'!A149=0,"",'TENAGA KERJA'!A149) | B150: =IF('TENAGA KERJA'!B149=0,"",'TENAGA KERJA'!B149) | C150: =IF('TENAGA KERJA'!I149="Tidak",0,('TENAGA KERJA'!K149+'TENAGA KERJA'!L149)) -> 0 | D150: =C150*SETTING!$C$10 -> 0 | E150: =C150*SETTING!$C$11 -> 0 | F150: =C150*SETTING!$C$12 -> 0 | G150: =C150*SETTING!$C$13 -> 0 | J150: =SUM(D150:I150) -> 0
A151: =IF('TENAGA KERJA'!A150=0,"",'TENAGA KERJA'!A150) | B151: =IF('TENAGA KERJA'!B150=0,"",'TENAGA KERJA'!B150) | C151: =IF('TENAGA KERJA'!I150="Tidak",0,('TENAGA KERJA'!K150+'TENAGA KERJA'!L150)) -> 0 | D151: =C151*SETTING!$C$10 -> 0 | E151: =C151*SETTING!$C$11 -> 0 | F151: =C151*SETTING!$C$12 -> 0 | G151: =C151*SETTING!$C$13 -> 0 | J151: =SUM(D151:I151) -> 0
A152: =IF('TENAGA KERJA'!A151=0,"",'TENAGA KERJA'!A151) | B152: =IF('TENAGA KERJA'!B151=0,"",'TENAGA KERJA'!B151) | C152: =IF('TENAGA KERJA'!I151="Tidak",0,('TENAGA KERJA'!K151+'TENAGA KERJA'!L151)) -> 0 | D152: =C152*SETTING!$C$10 -> 0 | E152: =C152*SETTING!$C$11 -> 0 | F152: =C152*SETTING!$C$12 -> 0 | G152: =C152*SETTING!$C$13 -> 0 | J152: =SUM(D152:I152) -> 0
A153: =IF('TENAGA KERJA'!A152=0,"",'TENAGA KERJA'!A152) | B153: =IF('TENAGA KERJA'!B152=0,"",'TENAGA KERJA'!B152) | C153: =IF('TENAGA KERJA'!I152="Tidak",0,('TENAGA KERJA'!K152+'TENAGA KERJA'!L152)) -> 0 | D153: =C153*SETTING!$C$10 -> 0 | E153: =C153*SETTING!$C$11 -> 0 | F153: =C153*SETTING!$C$12 -> 0 | G153: =C153*SETTING!$C$13 -> 0 | J153: =SUM(D153:I153) -> 0
A154: =IF('TENAGA KERJA'!A153=0,"",'TENAGA KERJA'!A153) | B154: =IF('TENAGA KERJA'!B153=0,"",'TENAGA KERJA'!B153) | C154: =IF('TENAGA KERJA'!I153="Tidak",0,('TENAGA KERJA'!K153+'TENAGA KERJA'!L153)) -> 0 | D154: =C154*SETTING!$C$10 -> 0 | E154: =C154*SETTING!$C$11 -> 0 | F154: =C154*SETTING!$C$12 -> 0 | G154: =C154*SETTING!$C$13 -> 0 | J154: =SUM(D154:I154) -> 0
A155: =IF('TENAGA KERJA'!A154=0,"",'TENAGA KERJA'!A154) | B155: =IF('TENAGA KERJA'!B154=0,"",'TENAGA KERJA'!B154) | C155: =IF('TENAGA KERJA'!I154="Tidak",0,('TENAGA KERJA'!K154+'TENAGA KERJA'!L154))+1891337 -> 1891337 | D155: =C155*SETTING!$C$10 -> 16832.899 | E155: =C155*SETTING!$C$11 -> 5674.011 | F155: =C155*SETTING!$C$12 -> 69979.469 | G155: =C155*SETTING!$C$13 -> 37826.74 | J155: =SUM(D155:I155) -> 130313.12 | K155: 1891337
A156: =IF('TENAGA KERJA'!A155=0,"",'TENAGA KERJA'!A155) | B156: =IF('TENAGA KERJA'!B155=0,"",'TENAGA KERJA'!B155) | C156: =IF('TENAGA KERJA'!I155="Tidak",0,('TENAGA KERJA'!K155+'TENAGA KERJA'!L155)) -> 0 | D156: =C156*SETTING!$C$10 -> 0 | E156: =C156*SETTING!$C$11 -> 0 | F156: =C156*SETTING!$C$12 -> 0 | G156: =C156*SETTING!$C$13 -> 0 | J156: =SUM(D156:I156) -> 0
A157: =IF('TENAGA KERJA'!A156=0,"",'TENAGA KERJA'!A156) | B157: =IF('TENAGA KERJA'!B156=0,"",'TENAGA KERJA'!B156) | C157: =IF('TENAGA KERJA'!I156="Tidak",0,('TENAGA KERJA'!K156+'TENAGA KERJA'!L156)) -> 0 | D157: =C157*SETTING!$C$10 -> 0 | E157: =C157*SETTING!$C$11 -> 0 | F157: =C157*SETTING!$C$12 -> 0 | G157: =C157*SETTING!$C$13 -> 0 | J157: =SUM(D157:I157) -> 0
A158: =IF('TENAGA KERJA'!A157=0,"",'TENAGA KERJA'!A157) | B158: =IF('TENAGA KERJA'!B157=0,"",'TENAGA KERJA'!B157) | C158: =IF('TENAGA KERJA'!I157="Tidak",0,('TENAGA KERJA'!K157+'TENAGA KERJA'!L157)) -> 0 | D158: =C158*SETTING!$C$10 -> 0 | E158: =C158*SETTING!$C$11 -> 0 | F158: =C158*SETTING!$C$12 -> 0 | G158: =C158*SETTING!$C$13 -> 0 | J158: =SUM(D158:I158) -> 0
A159: =IF('TENAGA KERJA'!A158=0,"",'TENAGA KERJA'!A158) | B159: =IF('TENAGA KERJA'!B158=0,"",'TENAGA KERJA'!B158) | C159: =IF('TENAGA KERJA'!I158="Tidak",0,('TENAGA KERJA'!K158+'TENAGA KERJA'!L158)) -> 0 | D159: =C159*SETTING!$C$10 -> 0 | E159: =C159*SETTING!$C$11 -> 0 | F159: =C159*SETTING!$C$12 -> 0 | G159: =C159*SETTING!$C$13 -> 0 | J159: =SUM(D159:I159) -> 0
A160: =IF('TENAGA KERJA'!A159=0,"",'TENAGA KERJA'!A159) | B160: =IF('TENAGA KERJA'!B159=0,"",'TENAGA KERJA'!B159) | C160: =IF('TENAGA KERJA'!I159="Tidak",0,('TENAGA KERJA'!K159+'TENAGA KERJA'!L159)) -> 0 | D160: =C160*SETTING!$C$10 -> 0 | E160: =C160*SETTING!$C$11 -> 0 | F160: =C160*SETTING!$C$12 -> 0 | G160: =C160*SETTING!$C$13 -> 0 | J160: =SUM(D160:I160) -> 0
A161: =IF('TENAGA KERJA'!A160=0,"",'TENAGA KERJA'!A160) | B161: =IF('TENAGA KERJA'!B160=0,"",'TENAGA KERJA'!B160) | C161: =IF('TENAGA KERJA'!I160="Tidak",0,('TENAGA KERJA'!K160+'TENAGA KERJA'!L160)) -> 0 | D161: =C161*SETTING!$C$10 -> 0 | E161: =C161*SETTING!$C$11 -> 0 | F161: =C161*SETTING!$C$12 -> 0 | G161: =C161*SETTING!$C$13 -> 0 | J161: =SUM(D161:I161) -> 0
A162: =IF('TENAGA KERJA'!A161=0,"",'TENAGA KERJA'!A161) | B162: =IF('TENAGA KERJA'!B161=0,"",'TENAGA KERJA'!B161) | C162: =IF('TENAGA KERJA'!I161="Tidak",0,('TENAGA KERJA'!K161+'TENAGA KERJA'!L161)) -> 0 | D162: =C162*SETTING!$C$10 -> 0 | E162: =C162*SETTING!$C$11 -> 0 | F162: =C162*SETTING!$C$12 -> 0 | G162: =C162*SETTING!$C$13 -> 0 | J162: =SUM(D162:I162) -> 0
A163: =IF('TENAGA KERJA'!A162=0,"",'TENAGA KERJA'!A162) | B163: =IF('TENAGA KERJA'!B162=0,"",'TENAGA KERJA'!B162) | C163: =IF('TENAGA KERJA'!I162="Tidak",0,('TENAGA KERJA'!K162+'TENAGA KERJA'!L162)) -> 0 | D163: =C163*SETTING!$C$10 -> 0 | E163: =C163*SETTING!$C$11 -> 0 | F163: =C163*SETTING!$C$12 -> 0 | G163: =C163*SETTING!$C$13 -> 0 | J163: =SUM(D163:I163) -> 0
A164: =IF('TENAGA KERJA'!A163=0,"",'TENAGA KERJA'!A163) | B164: =IF('TENAGA KERJA'!B163=0,"",'TENAGA KERJA'!B163) | C164: =IF('TENAGA KERJA'!I163="Tidak",0,('TENAGA KERJA'!K163+'TENAGA KERJA'!L163)) -> 0 | D164: =C164*SETTING!$C$10 -> 0 | E164: =C164*SETTING!$C$11 -> 0 | F164: =C164*SETTING!$C$12 -> 0 | G164: =C164*SETTING!$C$13 -> 0 | J164: =SUM(D164:I164) -> 0
A165: =IF('TENAGA KERJA'!A164=0,"",'TENAGA KERJA'!A164) | B165: =IF('TENAGA KERJA'!B164=0,"",'TENAGA KERJA'!B164) | C165: =IF('TENAGA KERJA'!I164="Tidak",0,('TENAGA KERJA'!K164+'TENAGA KERJA'!L164)) -> 0 | D165: =C165*SETTING!$C$10 -> 0 | E165: =C165*SETTING!$C$11 -> 0 | F165: =C165*SETTING!$C$12 -> 0 | G165: =C165*SETTING!$C$13 -> 0 | J165: =SUM(D165:I165) -> 0 | K165: =SUM(G133:G164) -> 37826.74 | L165: =SUM(E133:E164)-E161 -> 5674.011 | M165: =SUM(F133:F164)-F161 -> 69979.469 | N165: =SUM(G133:G164)-G161 -> 37826.74
A166: =IF('TENAGA KERJA'!A165=0,"",'TENAGA KERJA'!A165) | B166: =IF('TENAGA KERJA'!B165=0,"",'TENAGA KERJA'!B165) | C166: =IF('TENAGA KERJA'!I165="Tidak",0,('TENAGA KERJA'!K165+'TENAGA KERJA'!L165)) -> 0 | D166: =C166*SETTING!$C$10 -> 0 | E166: =C166*SETTING!$C$11 -> 0 | F166: =C166*SETTING!$C$12 -> 0 | G166: =C166*SETTING!$C$13 -> 0 | J166: =SUM(D166:I166) -> 0 | N166: 2739802.3
...

Sheet BPJS KES
A1: No | B1: Nama | C1: Upah yang Didaftarkan | D1: Iuran BPJS Kesehatan | F1: Total
D2: Pemberi Kerja | E2: Tenaga Kerja
A3: =IF('TENAGA KERJA'!A2=0,"",'TENAGA KERJA'!A2) -> 1 | B3: =IF('TENAGA KERJA'!B2=0,"",'TENAGA KERJA'!B2) -> ABDUL HALIM | C3: =IF('TENAGA KERJA'!J2="Tidak",0,('TENAGA KERJA'!K2+'TENAGA KERJA'!L2)) -> 4391337 | D3: =IF(C3=0,0,IF(C3<SETTING!$C$3,(SETTING!$C$3*SETTING!$C$5),IF(C3>SETTING!$C$4,(SETTING!$C$4*SETTING!$C$5),(C3*SETTING!$C$5)))) -> 175653.48 | E3: =IF(C3=0,0,IF(C3<SETTING!$C$3,(SETTING!$C$3*SETTING!$C$6),IF(C3>SETTING!$C$4,(SETTING!$C$4*SETTING!$C$6),(C3*SETTING!$C$6)))) -> 43913.37 | F3: =D3+E3 -> 219566.85
A4: =IF('TENAGA KERJA'!A3=0,"",'TENAGA KERJA'!A3) -> 2 | B4: =IF('TENAGA KERJA'!B3=0,"",'TENAGA KERJA'!B3) -> SRI ASLINDA | C4: =IF('TENAGA KERJA'!J3="Tidak",0,('TENAGA KERJA'!K3+'TENAGA KERJA'!L3)) -> 4391337 | D4: =IF(C4=0,0,IF(C4<SETTING!$C$3,(SETTING!$C$3*SETTING!$C$5),IF(C4>SETTING!$C$4,(SETTING!$C$4*SETTING!$C$5),(C4*SETTING!$C$5)))) -> 175653.48 | E4: =IF(C4=0,0,IF(C4<SETTING!$C$3,(SETTING!$C$3*SETTING!$C$6),IF(C4>SETTING!$C$4,(SETTING!$C$4*SETTING!$C$6),(C4*SETTING!$C$6)))) -> 43913.37 | F4: =D4+E4 -> 219566.85
A5: =IF('TENAGA KERJA'!A4=0,"",'TENAGA KERJA'!A4) -> 3 | B5: =IF('TENAGA KERJA'!B4=0,"",'TENAGA KERJA'!B4) -> RAFLY RAHMADAN GOBEL | C5: =IF('TENAGA KERJA'!J4="Tidak",0,('TENAGA KERJA'!K4+'TENAGA KERJA'!L4)) -> 4391337 | D5: =IF(C5=0,0,IF(C5<SETTING!$C$3,(SETTING!$C$3*SETTING!$C$5),IF(C5>SETTING!$C$4,(SETTING!$C$4*SETTING!$C$5),(C5*SETTING!$C$5)))) -> 175653.48 | E5: =IF(C5=0,0,IF(C5<SETTING!$C$3,(SETTING!$C$3*SETTING!$C$6),IF(C5>SETTING!$C$4,(SETTING!$C$4*SETTING!$C$6),(C5*SETTING!$C$6)))) -> 43913.37 | F5: =D5+E5 -> 219566.85
A6: =IF('TENAGA KERJA'!A5=0,"",'TENAGA KERJA'!A5) -> 4 | B6: =IF('TENAGA KERJA'!B5=0,"",'TENAGA KERJA'!B5) -> RAHMAT HIDAYAT | C6: =IF('TENAGA KERJA'!J5="Tidak",0,('TENAGA KERJA'!K5+'TENAGA KERJA'!L5)) -> 4391337 | D6: =IF(C6=0,0,IF(C6<SETTING!$C$3,(SETTING!$C$3*SETTING!$C$5),IF(C6>SETTING!$C$4,(SETTING!$C$4*SETTING!$C$5),(C6*SETTING!$C$5)))) -> 175653.48 | E6: =IF(C6=0,0,IF(C6<SETTING!$C$3,(SETTING!$C$3*SETTING!$C$6),IF(C6>SETTING!$C$4,(SETTING!$C$4*SETTING!$C$6),(C6*SETTING!$C$6)))) -> 43913.37 | F6: =D6+E6 -> 219566.85
A7: =IF('TENAGA KERJA'!A6=0,"",'TENAGA KERJA'!A6) -> 5 | B7: =IF('TENAGA KERJA'!B6=0,"",'TENAGA KERJA'!B6) -> ARYABAYA SRIPATI | C7: =IF('TENAGA KERJA'!J6="Tidak",0,('TENAGA KERJA'!K6+'TENAGA KERJA'!L6)) -> 4391337 | D7: =IF(C7=0,0,IF(C7<SETTING!$C$3,(SETTING!$C$3*SETTING!$C$5),IF(C7>SETTING!$C$4,(SETTING!$C$4*SETTING!$C$5),(C7*SETTING!$C$5)))) -> 175653.48 | E7: =IF(C7=0,0,IF(C7<SETTING!$C$3,(SETTING!$C$3*SETTING!$C$6),IF(C7>SETTING!$C$4,(SETTING!$C$4*SETTING!$C$6),(C7*SETTING!$C$6)))) -> 43913.37 | F7: =D7+E7 -> 219566.85
A8: =IF('TENAGA KERJA'!A7=0,"",'TENAGA KERJA'!A7) -> 6 | B8: =IF('TENAGA KERJA'!B7=0,"",'TENAGA KERJA'!B7) -> REZA NURHIDAYAT | C8: =IF('TENAGA KERJA'!J7="Tidak",0,('TENAGA KERJA'!K7+'TENAGA KERJA'!L7)) -> 4391337 | D8: =IF(C8=0,0,IF(C8<SETTING!$C$3,(SETTING!$C$3*SETTING!$C$5),IF(C8>SETTING!$C$4,(SETTING!$C$4*SETTING!$C$5),(C8*SETTING!$C$5)))) -> 175653.48 | E8: =IF(C8=0,0,IF(C8<SETTING!$C$3,(SETTING!$C$3*SETTING!$C$6),IF(C8>SETTING!$C$4,(SETTING!$C$4*SETTING!$C$6),(C8*SETTING!$C$6)))) -> 43913.37 | F8: =D8+E8 -> 219566.85
A9: =IF('TENAGA KERJA'!A8=0,"",'TENAGA KERJA'!A8) -> 7 | B9: =IF('TENAGA KERJA'!B8=0,"",'TENAGA KERJA'!B8) -> MUHAMMAD ANSHAR A | C9: =IF('TENAGA KERJA'!J8="Tidak",0,('TENAGA KERJA'!K8+'TENAGA KERJA'!L8)) -> 4391337 | D9: =IF(C9=0,0,IF(C9<SETTING!$C$3,(SETTING!$C$3*SETTING!$C$5),IF(C9>SETTING!$C$4,(SETTING!$C$4*SETTING!$C$5),(C9*SETTING!$C$5)))) -> 175653.48 | E9: =IF(C9=0,0,IF(C9<SETTING!$C$3,(SETTING!$C$3*SETTING!$C$6),IF(C9>SETTING!$C$4,(SETTING!$C$4*SETTING!$C$6),(C9*SETTING!$C$6)))) -> 43913.37 | F9: =D9+E9 -> 219566.85
A10: =IF('TENAGA KERJA'!A9=0,"",'TENAGA KERJA'!A9) -> 8 | B10: =IF('TENAGA KERJA'!B9=0,"",'TENAGA KERJA'!B9) -> IKA JULITA | C10: =IF('TENAGA KERJA'!J9="Tidak",0,('TENAGA KERJA'!K9+'TENAGA KERJA'!L9)) -> 4391337 | D10: =IF(C10=0,0,IF(C10<SETTING!$C$3,(SETTING!$C$3*SETTING!$C$5),IF(C10>SETTING!$C$4,(SETTING!$C$4*SETTING!$C$5),(C10*SETTING!$C$5)))) -> 175653.48 | E10: =IF(C10=0,0,IF(C10<SETTING!$C$3,(SETTING!$C$3*SETTING!$C$6),IF(C10>SETTING!$C$4,(SETTING!$C$4*SETTING!$C$6),(C10*SETTING!$C$6)))) -> 43913.37 | F10: =D10+E10 -> 219566.85
A11: =IF('TENAGA KERJA'!A10=0,"",'TENAGA KERJA'!A10) -> 9 | B11: =IF('TENAGA KERJA'!B10=0,"",'TENAGA KERJA'!B10) -> FAJAR SHADIQ HERNANDA | C11: =IF('TENAGA KERJA'!J10="Tidak",0,('TENAGA KERJA'!K10+'TENAGA KERJA'!L10)) -> 4391337 | D11: =IF(C11=0,0,IF(C11<SETTING!$C$3,(SETTING!$C$3*SETTING!$C$5),IF(C11>SETTING!$C$4,(SETTING!$C$4*SETTING!$C$5),(C11*SETTING!$C$5)))) -> 175653.48 | E11: =IF(C11=0,0,IF(C11<SETTING!$C$3,(SETTING!$C$3*SETTING!$C$6),IF(C11>SETTING!$C$4,(SETTING!$C$4*SETTING!$C$6),(C11*SETTING!$C$6)))) -> 43913.37 | F11: =D11+E11 -> 219566.85
A12: =IF('TENAGA KERJA'!A11=0,"",'TENAGA KERJA'!A11) -> 10 | B12: =IF('TENAGA KERJA'!B11=0,"",'TENAGA KERJA'!B11) -> BAGUS DWI ARISTA | C12: =IF('TENAGA KERJA'!J11="Tidak",0,('TENAGA KERJA'!K11+'TENAGA KERJA'!L11)) -> 4391337 | D12: =IF(C12=0,0,IF(C12<SETTING!$C$3,(SETTING!$C$3*SETTING!$C$5),IF(C12>SETTING!$C$4,(SETTING!$C$4*SETTING!$C$5),(C12*SETTING!$C$5)))) -> 175653.48 | E12: =IF(C12=0,0,IF(C12<SETTING!$C$3,(SETTING!$C$3*SETTING!$C$6),IF(C12>SETTING!$C$4,(SETTING!$C$4*SETTING!$C$6),(C12*SETTING!$C$6)))) -> 43913.37 | F12: =D12+E12 -> 219566.85
A13: =IF('TENAGA KERJA'!A12=0,"",'TENAGA KERJA'!A12) -> 11 | B13: =IF('TENAGA KERJA'!B12=0,"",'TENAGA KERJA'!B12) -> SITI AISYAH | C13: =IF('TENAGA KERJA'!J12="Tidak",0,('TENAGA KERJA'!K12+'TENAGA KERJA'!L12)) -> 4391337 | D13: =IF(C13=0,0,IF(C13<SETTING!$C$3,(SETTING!$C$3*SETTING!$C$5),IF(C13>SETTING!$C$4,(SETTING!$C$4*SETTING!$C$5),(C13*SETTING!$C$5)))) -> 175653.48 | E13: =IF(C13=0,0,IF(C13<SETTING!$C$3,(SETTING!$C$3*SETTING!$C$6),IF(C13>SETTING!$C$4,(SETTING!$C$4*SETTING!$C$6),(C13*SETTING!$C$6)))) -> 43913.37 | F13: =D13+E13 -> 219566.85
A14: =IF('TENAGA KERJA'!A13=0,"",'TENAGA KERJA'!A13) -> 12 | B14: =IF('TENAGA KERJA'!B13=0,"",'TENAGA KERJA'!B13) -> YUDI BISMANTAKA | C14: =IF('TENAGA KERJA'!J13="Tidak",0,('TENAGA KERJA'!K13+'TENAGA KERJA'!L13)) -> 4391337 | D14: =IF(C14=0,0,IF(C14<SETTING!$C$3,(SETTING!$C$3*SETTING!$C$5),IF(C14>SETTING!$C$4,(SETTING!$C$4*SETTING!$C$5),(C14*SETTING!$C$5)))) -> 175653.48 | E14: =IF(C14=0,0,IF(C14<SETTING!$C$3,(SETTING!$C$3*SETTING!$C$6),IF(C14>SETTING!$C$4,(SETTING!$C$4*SETTING!$C$6),(C14*SETTING!$C$6)))) -> 43913.37 | F14: =D14+E14 -> 219566.85
... A21: =IF('TENAGA KERJA'!A20=0,"",'TENAGA KERJA'!A20) -> 19 | B21: =IF('TENAGA KERJA'!B20=0,"",'TENAGA KERJA'!B20) -> MUAMMAR AKRAM | C21: =IF('TENAGA KERJA'!J20="Tidak",0,('TENAGA KERJA'!K20+'TENAGA KERJA'!L20)) -> 4391337 | D21: =IF(C21=0,0,IF(C21<SETTING!$C$3,(SETTING!$C$3*SETTING!$C$5),IF(C21>SETTING!$C$4,(SETTING!$C$4*SETTING!$C$5),(C21*SETTING!$C$5)))) -> 175653.48 | E21: =IF(C21=0,0,IF(C21<SETTING!$C$3,(SETTING!$C$3*SETTING!$C$6),IF(C21>SETTING!$C$4,(SETTING!$C$4*SETTING!$C$6),(C21*SETTING!$C$6)))) -> 43913.37 | F21: =D21+E21 -> 219566.85
A22: =IF('TENAGA KERJA'!A21=0,"",'TENAGA KERJA'!A21) -> 20 | B22: =IF('TENAGA KERJA'!B21=0,"",'TENAGA KERJA'!B21) -> DARMAWAN SYAH | C22: =IF('TENAGA KERJA'!J21="Tidak",0,('TENAGA KERJA'!K21+'TENAGA KERJA'!L21))+1891337 -> 4391337 | D22: =IF(C22=0,0,IF(C22<SETTING!$C$3,(SETTING!$C$3*SETTING!$C$5),IF(C22>SETTING!$C$4,(SETTING!$C$4*SETTING!$C$5),(C22*SETTING!$C$5)))) -> 175653.48 | E22: =IF(C22=0,0,IF(C22<SETTING!$C$3,(SETTING!$C$3*SETTING!$C$6),IF(C22>SETTING!$C$4,(SETTING!$C$4*SETTING!$C$6),(C22*SETTING!$C$6)))) -> 43913.37 | F22: =D22+E22 -> 219566.85
A23: =IF('TENAGA KERJA'!A22=0,"",'TENAGA KERJA'!A22) -> 21 | B23: =IF('TENAGA KERJA'!B22=0,"",'TENAGA KERJA'!B22) -> MARIYAM | C23: =IF('TENAGA KERJA'!J22="Tidak",0,('TENAGA KERJA'!K22+'TENAGA KERJA'!L22)) -> 4391337 | D23: =IF(C23=0,0,IF(C23<SETTING!$C$3,(SETTING!$C$3*SETTING!$C$5),IF(C23>SETTING!$C$4,(SETTING!$C$4*SETTING!$C$5),(C23*SETTING!$C$5)))) -> 175653.48 | E23: =IF(C23=0,0,IF(C23<SETTING!$C$3,(SETTING!$C$3*SETTING!$C$6),IF(C23>SETTING!$C$4,(SETTING!$C$4*SETTING!$C$6),(C23*SETTING!$C$6)))) -> 43913.37 | F23: =D23+E23 -> 219566.85
A24: =IF('TENAGA KERJA'!A23=0,"",'TENAGA KERJA'!A23) -> 22 | B24: =IF('TENAGA KERJA'!B23=0,"",'TENAGA KERJA'!B23) -> ACHMAD RENALDI | C24: =IF('TENAGA KERJA'!J23="Tidak",0,('TENAGA KERJA'!K23+'TENAGA KERJA'!L23)) -> 4391337 | D24: =IF(C24=0,0,IF(C24<SETTING!$C$3,(SETTING!$C$3*SETTING!$C$5),IF(C24>SETTING!$C$4,(SETTING!$C$4*SETTING!$C$5),(C24*SETTING!$C$5)))) -> 175653.48 | E24: =IF(C24=0,0,IF(C24<SETTING!$C$3,(SETTING!$C$3*SETTING!$C$6),IF(C24>SETTING!$C$4,(SETTING!$C$4*SETTING!$C$6),(C24*SETTING!$C$6)))) -> 43913.37 | F24: =D24+E24 -> 219566.85
A25: =IF('TENAGA KERJA'!A24=0,"",'TENAGA KERJA'!A24) -> 23 | B25: =IF('TENAGA KERJA'!B24=0,"",'TENAGA KERJA'!B24) -> ARIF GUNAWAN | C25: =IF('TENAGA KERJA'!J24="Tidak",0,('TENAGA KERJA'!K24+'TENAGA KERJA'!L24)) -> 4391337 | D25: =IF(C25=0,0,IF(C25<SETTING!$C$3,(SETTING!$C$3*SETTING!$C$5),IF(C25>SETTING!$C$4,(SETTING!$C$4*SETTING!$C$5),(C25*SETTING!$C$5)))) -> 175653.48 | E25: =IF(C25=0,0,IF(C25<SETTING!$C$3,(SETTING!$C$3*SETTING!$C$6),IF(C25>SETTING!$C$4,(SETTING!$C$4*SETTING!$C$6),(C25*SETTING!$C$6)))) -> 43913.37 | F25: =D25+E25 -> 219566.85
A26: =IF('TENAGA KERJA'!A25=0,"",'TENAGA KERJA'!A25) | B26: =IF('TENAGA KERJA'!B25=0,"",'TENAGA KERJA'!B25) | C26: =IF('TENAGA KERJA'!J25="Tidak",0,('TENAGA KERJA'!K25+'TENAGA KERJA'!L25)) -> 0 | D26: =IF(C26=0,0,IF(C26<SETTING!$C$3,(SETTING!$C$3*SETTING!$C$5),IF(C26>SETTING!$C$4,(SETTING!$C$4*SETTING!$C$5),(C26*SETTING!$C$5)))) -> 0 | E26: =IF(C26=0,0,IF(C26<SETTING!$C$3,(SETTING!$C$3*SETTING!$C$6),IF(C26>SETTING!$C$4,(SETTING!$C$4*SETTING!$C$6),(C26*SETTING!$C$6)))) -> 0 | F26: =D26+E26 -> 0 | G26: =SUM(D3:D25) -> 4040030
A27: =IF('TENAGA KERJA'!A26=0,"",'TENAGA KERJA'!A26) | B27: =IF('TENAGA KERJA'!B26=0,"",'TENAGA KERJA'!B26) | C27: =IF('TENAGA KERJA'!J26="Tidak",0,('TENAGA KERJA'!K26+'TENAGA KERJA'!L26)) -> 0 | D27: =IF(C27=0,0,IF(C27<SETTING!$C$3,(SETTING!$C$3*SETTING!$C$5),IF(C27>SETTING!$C$4,(SETTING!$C$4*SETTING!$C$5),(C27*SETTING!$C$5)))) -> 0 | E27: =IF(C27=0,0,IF(C27<SETTING!$C$3,(SETTING!$C$3*SETTING!$C$6),IF(C27>SETTING!$C$4,(SETTING!$C$4*SETTING!$C$6),(C27*SETTING!$C$6)))) -> 0 | F27: =D27+E27 -> 0
A28: =IF('TENAGA KERJA'!A27=0,"",'TENAGA KERJA'!A27) | B28: =IF('TENAGA KERJA'!B27=0,"",'TENAGA KERJA'!B27) | C28: =IF('TENAGA KERJA'!J27="Tidak",0,('TENAGA KERJA'!K27+'TENAGA KERJA'!L27)) -> 0 | D28: =IF(C28=0,0,IF(C28<SETTING!$C$3,(SETTING!$C$3*SETTING!$C$5),IF(C28>SETTING!$C$4,(SETTING!$C$4*SETTING!$C$5),(C28*SETTING!$C$5)))) -> 0 | E28: =IF(C28=0,0,IF(C28<SETTING!$C$3,(SETTING!$C$3*SETTING!$C$6),IF(C28>SETTING!$C$4,(SETTING!$C$4*SETTING!$C$6),(C28*SETTING!$C$6)))) -> 0 | F28: =D28+E28 -> 0
A29: =IF('TENAGA KERJA'!A28=0,"",'TENAGA KERJA'!A28) | B29: =IF('TENAGA KERJA'!B28=0,"",'TENAGA KERJA'!B28) | C29: =IF('TENAGA KERJA'!J28="Tidak",0,('TENAGA KERJA'!K28+'TENAGA KERJA'!L28)) -> 0 | D29: =IF(C29=0,0,IF(C29<SETTING!$C$3,(SETTING!$C$3*SETTING!$C$5),IF(C29>SETTING!$C$4,(SETTING!$C$4*SETTING!$C$5),(C29*SETTING!$C$5)))) -> 0 | E29: =IF(C29=0,0,IF(C29<SETTING!$C$3,(SETTING!$C$3*SETTING!$C$6),IF(C29>SETTING!$C$4,(SETTING!$C$4*SETTING!$C$6),(C29*SETTING!$C$6)))) -> 0 | F29: =D29+E29 -> 0
A30: =IF('TENAGA KERJA'!A29=0,"",'TENAGA KERJA'!A29) | B30: =IF('TENAGA KERJA'!B29=0,"",'TENAGA KERJA'!B29) | C30: =IF('TENAGA KERJA'!J29="Tidak",0,('TENAGA KERJA'!K29+'TENAGA KERJA'!L29)) -> 0 | D30: =IF(C30=0,0,IF(C30<SETTING!$C$3,(SETTING!$C$3*SETTING!$C$5),IF(C30>SETTING!$C$4,(SETTING!$C$4*SETTING!$C$5),(C30*SETTING!$C$5)))) -> 0 | E30: =IF(C30=0,0,IF(C30<SETTING!$C$3,(SETTING!$C$3*SETTING!$C$6),IF(C30>SETTING!$C$4,(SETTING!$C$4*SETTING!$C$6),(C30*SETTING!$C$6)))) -> 0 | F30: =D30+E30 -> 0
A31: =IF('TENAGA KERJA'!A30=0,"",'TENAGA KERJA'!A30) | B31: =IF('TENAGA KERJA'!B30=0,"",'TENAGA KERJA'!B30) | C31: =IF('TENAGA KERJA'!J30="Tidak",0,('TENAGA KERJA'!K30+'TENAGA KERJA'!L30)) -> 0 | D31: =IF(C31=0,0,IF(C31<SETTING!$C$3,(SETTING!$C$3*SETTING!$C$5),IF(C31>SETTING!$C$4,(SETTING!$C$4*SETTING!$C$5),(C31*SETTING!$C$5)))) -> 0 | E31: =IF(C31=0,0,IF(C31<SETTING!$C$3,(SETTING!$C$3*SETTING!$C$6),IF(C31>SETTING!$C$4,(SETTING!$C$4*SETTING!$C$6),(C31*SETTING!$C$6)))) -> 0 | F31: =D31+E31 -> 0
A32: =IF('TENAGA KERJA'!A31=0,"",'TENAGA KERJA'!A31) | B32: =IF('TENAGA KERJA'!B31=0,"",'TENAGA KERJA'!B31) | C32: =IF('TENAGA KERJA'!J31="Tidak",0,('TENAGA KERJA'!K31+'TENAGA KERJA'!L31)) -> 0 | D32: =IF(C32=0,0,IF(C32<SETTING!$C$3,(SETTING!$C$3*SETTING!$C$5),IF(C32>SETTING!$C$4,(SETTING!$C$4*SETTING!$C$5),(C32*SETTING!$C$5)))) -> 0 | E32: =IF(C32=0,0,IF(C32<SETTING!$C$3,(SETTING!$C$3*SETTING!$C$6),IF(C32>SETTING!$C$4,(SETTING!$C$4*SETTING!$C$6),(C32*SETTING!$C$6)))) -> 0 | F32: =D32+E32 -> 0
A33: =IF('TENAGA KERJA'!A32=0,"",'TENAGA KERJA'!A32) | B33: =IF('TENAGA KERJA'!B32=0,"",'TENAGA KERJA'!B32) | C33: =IF('TENAGA KERJA'!J32="Tidak",0,('TENAGA KERJA'!K32+'TENAGA KERJA'!L32)) -> 0 | D33: =IF(C33=0,0,IF(C33<SETTING!$C$3,(SETTING!$C$3*SETTING!$C$5),IF(C33>SETTING!$C$4,(SETTING!$C$4*SETTING!$C$5),(C33*SETTING!$C$5)))) -> 0 | E33: =IF(C33=0,0,IF(C33<SETTING!$C$3,(SETTING!$C$3*SETTING!$C$6),IF(C33>SETTING!$C$4,(SETTING!$C$4*SETTING!$C$6),(C33*SETTING!$C$6)))) -> 0 | F33: =D33+E33 -> 0
A34: =IF('TENAGA KERJA'!A33=0,"",'TENAGA KERJA'!A33) | B34: =IF('TENAGA KERJA'!B33=0,"",'TENAGA KERJA'!B33) | C34: =IF('TENAGA KERJA'!J33="Tidak",0,('TENAGA KERJA'!K33+'TENAGA KERJA'!L33)) -> 0 | D34: =IF(C34=0,0,IF(C34<SETTING!$C$3,(SETTING!$C$3*SETTING!$C$5),IF(C34>SETTING!$C$4,(SETTING!$C$4*SETTING!$C$5),(C34*SETTING!$C$5)))) -> 0 | E34: =IF(C34=0,0,IF(C34<SETTING!$C$3,(SETTING!$C$3*SETTING!$C$6),IF(C34>SETTING!$C$4,(SETTING!$C$4*SETTING!$C$6),(C34*SETTING!$C$6)))) -> 0 | F34: =D34+E34 -> 0
A35: =IF('TENAGA KERJA'!A34=0,"",'TENAGA KERJA'!A34) | B35: =IF('TENAGA KERJA'!B34=0,"",'TENAGA KERJA'!B34) | C35: =IF('TENAGA KERJA'!J34="Tidak",0,('TENAGA KERJA'!K34+'TENAGA KERJA'!L34)) -> 0 | D35: =IF(C35=0,0,IF(C35<SETTING!$C$3,(SETTING!$C$3*SETTING!$C$5),IF(C35>SETTING!$C$4,(SETTING!$C$4*SETTING!$C$5),(C35*SETTING!$C$5)))) -> 0 | E35: =IF(C35=0,0,IF(C35<SETTING!$C$3,(SETTING!$C$3*SETTING!$C$6),IF(C35>SETTING!$C$4,(SETTING!$C$4*SETTING!$C$6),(C35*SETTING!$C$6)))) -> 0 | F35: =D35+E35 -> 0
A36: =IF('TENAGA KERJA'!A35=0,"",'TENAGA KERJA'!A35) | B36: =IF('TENAGA KERJA'!B35=0,"",'TENAGA KERJA'!B35) | C36: =IF('TENAGA KERJA'!J35="Tidak",0,('TENAGA KERJA'!K35+'TENAGA KERJA'!L35)) -> 0 | D36: =IF(C36=0,0,IF(C36<SETTING!$C$3,(SETTING!$C$3*SETTING!$C$5),IF(C36>SETTING!$C$4,(SETTING!$C$4*SETTING!$C$5),(C36*SETTING!$C$5)))) -> 0 | E36: =IF(C36=0,0,IF(C36<SETTING!$C$3,(SETTING!$C$3*SETTING!$C$6),IF(C36>SETTING!$C$4,(SETTING!$C$4*SETTING!$C$6),(C36*SETTING!$C$6)))) -> 0 | F36: =D36+E36 -> 0
A37: =IF('TENAGA KERJA'!A36=0,"",'TENAGA KERJA'!A36) | B37: =IF('TENAGA KERJA'!B36=0,"",'TENAGA KERJA'!B36) | C37: =IF('TENAGA KERJA'!J36="Tidak",0,('TENAGA KERJA'!K36+'TENAGA KERJA'!L36)) -> 0 | D37: =IF(C37=0,0,IF(C37<SETTING!$C$3,(SETTING!$C$3*SETTING!$C$5),IF(C37>SETTING!$C$4,(SETTING!$C$4*SETTING!$C$5),(C37*SETTING!$C$5)))) -> 0 | E37: =IF(C37=0,0,IF(C37<SETTING!$C$3,(SETTING!$C$3*SETTING!$C$6),IF(C37>SETTING!$C$4,(SETTING!$C$4*SETTING!$C$6),(C37*SETTING!$C$6)))) -> 0 | F37: =D37+E37 -> 0
A38: =IF('TENAGA KERJA'!A37=0,"",'TENAGA KERJA'!A37) | B38: =IF('TENAGA KERJA'!B37=0,"",'TENAGA KERJA'!B37) | C38: =IF('TENAGA KERJA'!J37="Tidak",0,('TENAGA KERJA'!K37+'TENAGA KERJA'!L37)) -> 0 | D38: =IF(C38=0,0,IF(C38<SETTING!$C$3,(SETTING!$C$3*SETTING!$C$5),IF(C38>SETTING!$C$4,(SETTING!$C$4*SETTING!$C$5),(C38*SETTING!$C$5)))) -> 0 | E38: =IF(C38=0,0,IF(C38<SETTING!$C$3,(SETTING!$C$3*SETTING!$C$6),IF(C38>SETTING!$C$4,(SETTING!$C$4*SETTING!$C$6),(C38*SETTING!$C$6)))) -> 0 | F38: =D38+E38 -> 0
... A51: =IF('TENAGA KERJA'!A50=0,"",'TENAGA KERJA'!A50) | B51: =IF('TENAGA KERJA'!B50=0,"",'TENAGA KERJA'!B50) | C51: =IF('TENAGA KERJA'!J50="Tidak",0,('TENAGA KERJA'!K50+'TENAGA KERJA'!L50)) -> 0 | D51: =IF(C51=0,0,IF(C51<SETTING!$C$3,(SETTING!$C$3*SETTING!$C$5),IF(C51>SETTING!$C$4,(SETTING!$C$4*SETTING!$C$5),(C51*SETTING!$C$5)))) -> 0 | E51: =IF(C51=0,0,IF(C51<SETTING!$C$3,(SETTING!$C$3*SETTING!$C$6),IF(C51>SETTING!$C$4,(SETTING!$C$4*SETTING!$C$6),(C51*SETTING!$C$6)))) -> 0 | F51: =D51+E51 -> 0
A52: =IF('TENAGA KERJA'!A51=0,"",'TENAGA KERJA'!A51) | B52: =IF('TENAGA KERJA'!B51=0,"",'TENAGA KERJA'!B51) | C52: =IF('TENAGA KERJA'!J51="Tidak",0,('TENAGA KERJA'!K51+'TENAGA KERJA'!L51)) -> 0 | D52: =IF(C52=0,0,IF(C52<SETTING!$C$3,(SETTING!$C$3*SETTING!$C$5),IF(C52>SETTING!$C$4,(SETTING!$C$4*SETTING!$C$5),(C52*SETTING!$C$5)))) -> 0 | E52: =IF(C52=0,0,IF(C52<SETTING!$C$3,(SETTING!$C$3*SETTING!$C$6),IF(C52>SETTING!$C$4,(SETTING!$C$4*SETTING!$C$6),(C52*SETTING!$C$6))))*2 -> 0 | F52: =D52+E52 -> 0
A53: =IF('TENAGA KERJA'!A52=0,"",'TENAGA KERJA'!A52) | B53: =IF('TENAGA KERJA'!B52=0,"",'TENAGA KERJA'!B52) | C53: =IF('TENAGA KERJA'!J52="Tidak",0,('TENAGA KERJA'!K52+'TENAGA KERJA'!L52)) -> 0 | D53: =IF(C53=0,0,IF(C53<SETTING!$C$3,(SETTING!$C$3*SETTING!$C$5),IF(C53>SETTING!$C$4,(SETTING!$C$4*SETTING!$C$5),(C53*SETTING!$C$5)))) -> 0 | E53: =IF(C53=0,0,IF(C53<SETTING!$C$3,(SETTING!$C$3*SETTING!$C$6),IF(C53>SETTING!$C$4,(SETTING!$C$4*SETTING!$C$6),(C53*SETTING!$C$6)))) -> 0 | F53: =D53+E53 -> 0
A54: =IF('TENAGA KERJA'!A53=0,"",'TENAGA KERJA'!A53) | B54: =IF('TENAGA KERJA'!B53=0,"",'TENAGA KERJA'!B53) | C54: =IF('TENAGA KERJA'!J53="Tidak",0,('TENAGA KERJA'!K53+'TENAGA KERJA'!L53)) -> 0 | D54: =IF(C54=0,0,IF(C54<SETTING!$C$3,(SETTING!$C$3*SETTING!$C$5),IF(C54>SETTING!$C$4,(SETTING!$C$4*SETTING!$C$5),(C54*SETTING!$C$5)))) -> 0 | E54: =IF(C54=0,0,IF(C54<SETTING!$C$3,(SETTING!$C$3*SETTING!$C$6),IF(C54>SETTING!$C$4,(SETTING!$C$4*SETTING!$C$6),(C54*SETTING!$C$6)))) -> 0 | F54: =D54+E54 -> 0
A55: =IF('TENAGA KERJA'!A54=0,"",'TENAGA KERJA'!A54) | B55: =IF('TENAGA KERJA'!B54=0,"",'TENAGA KERJA'!B54) | C55: =IF('TENAGA KERJA'!J54="Tidak",0,('TENAGA KERJA'!K54+'TENAGA KERJA'!L54)) -> 0 | D55: =IF(C55=0,0,IF(C55<SETTING!$C$3,(SETTING!$C$3*SETTING!$C$5),IF(C55>SETTING!$C$4,(SETTING!$C$4*SETTING!$C$5),(C55*SETTING!$C$5)))) -> 0 | E55: =IF(C55=0,0,IF(C55<SETTING!$C$3,(SETTING!$C$3*SETTING!$C$6),IF(C55>SETTING!$C$4,(SETTING!$C$4*SETTING!$C$6),(C55*SETTING!$C$6)))) -> 0 | F55: =D55+E55 -> 0
A56: =IF('TENAGA KERJA'!A55=0,"",'TENAGA KERJA'!A55) | B56: =IF('TENAGA KERJA'!B55=0,"",'TENAGA KERJA'!B55) | C56: =IF('TENAGA KERJA'!J55="Tidak",0,('TENAGA KERJA'!K55+'TENAGA KERJA'!L55)) -> 0 | D56: =IF(C56=0,0,IF(C56<SETTING!$C$3,(SETTING!$C$3*SETTING!$C$5),IF(C56>SETTING!$C$4,(SETTING!$C$4*SETTING!$C$5),(C56*SETTING!$C$5)))) -> 0 | E56: =IF(C56=0,0,IF(C56<SETTING!$C$3,(SETTING!$C$3*SETTING!$C$6),IF(C56>SETTING!$C$4,(SETTING!$C$4*SETTING!$C$6),(C56*SETTING!$C$6)))) -> 0 | F56: =D56+E56 -> 0
A57: =IF('TENAGA KERJA'!A56=0,"",'TENAGA KERJA'!A56) | B57: =IF('TENAGA KERJA'!B56=0,"",'TENAGA KERJA'!B56) | C57: =IF('TENAGA KERJA'!J56="Tidak",0,('TENAGA KERJA'!K56+'TENAGA KERJA'!L56)) -> 0 | D57: =IF(C57=0,0,IF(C57<SETTING!$C$3,(SETTING!$C$3*SETTING!$C$5),IF(C57>SETTING!$C$4,(SETTING!$C$4*SETTING!$C$5),(C57*SETTING!$C$5)))) -> 0 | E57: =IF(C57=0,0,IF(C57<SETTING!$C$3,(SETTING!$C$3*SETTING!$C$6),IF(C57>SETTING!$C$4,(SETTING!$C$4*SETTING!$C$6),(C57*SETTING!$C$6)))) -> 0 | F57: =D57+E57 -> 0
A58: =IF('TENAGA KERJA'!A57=0,"",'TENAGA KERJA'!A57) | B58: =IF('TENAGA KERJA'!B57=0,"",'TENAGA KERJA'!B57) | C58: =IF('TENAGA KERJA'!J57="Tidak",0,('TENAGA KERJA'!K57+'TENAGA KERJA'!L57)) -> 0 | D58: =IF(C58=0,0,IF(C58<SETTING!$C$3,(SETTING!$C$3*SETTING!$C$5),IF(C58>SETTING!$C$4,(SETTING!$C$4*SETTING!$C$5),(C58*SETTING!$C$5)))) -> 0 | E58: =IF(C58=0,0,IF(C58<SETTING!$C$3,(SETTING!$C$3*SETTING!$C$6),IF(C58>SETTING!$C$4,(SETTING!$C$4*SETTING!$C$6),(C58*SETTING!$C$6)))) -> 0 | F58: =D58+E58 -> 0
A59: =IF('TENAGA KERJA'!A58=0,"",'TENAGA KERJA'!A58) | B59: =IF('TENAGA KERJA'!B58=0,"",'TENAGA KERJA'!B58) | C59: =IF('TENAGA KERJA'!J58="Tidak",0,('TENAGA KERJA'!K58+'TENAGA KERJA'!L58)) -> 0 | D59: =IF(C59=0,0,IF(C59<SETTING!$C$3,(SETTING!$C$3*SETTING!$C$5),IF(C59>SETTING!$C$4,(SETTING!$C$4*SETTING!$C$5),(C59*SETTING!$C$5)))) -> 0 | E59: =IF(C59=0,0,IF(C59<SETTING!$C$3,(SETTING!$C$3*SETTING!$C$6),IF(C59>SETTING!$C$4,(SETTING!$C$4*SETTING!$C$6),(C59*SETTING!$C$6)))) -> 0 | F59: =D59+E59 -> 0
A60: =IF('TENAGA KERJA'!A59=0,"",'TENAGA KERJA'!A59) | B60: =IF('TENAGA KERJA'!B59=0,"",'TENAGA KERJA'!B59) | C60: =IF('TENAGA KERJA'!J59="Tidak",0,('TENAGA KERJA'!K59+'TENAGA KERJA'!L59)) -> 0 | D60: =IF(C60=0,0,IF(C60<SETTING!$C$3,(SETTING!$C$3*SETTING!$C$5),IF(C60>SETTING!$C$4,(SETTING!$C$4*SETTING!$C$5),(C60*SETTING!$C$5)))) -> 0 | E60: =IF(C60=0,0,IF(C60<SETTING!$C$3,(SETTING!$C$3*SETTING!$C$6),IF(C60>SETTING!$C$4,(SETTING!$C$4*SETTING!$C$6),(C60*SETTING!$C$6)))) -> 0 | F60: =D60+E60 -> 0
A61: =IF('TENAGA KERJA'!A60=0,"",'TENAGA KERJA'!A60) | B61: =IF('TENAGA KERJA'!B60=0,"",'TENAGA KERJA'!B60) | C61: =IF('TENAGA KERJA'!J60="Tidak",0,('TENAGA KERJA'!K60+'TENAGA KERJA'!L60)) -> 0 | D61: =IF(C61=0,0,IF(C61<SETTING!$C$3,(SETTING!$C$3*SETTING!$C$5),IF(C61>SETTING!$C$4,(SETTING!$C$4*SETTING!$C$5),(C61*SETTING!$C$5)))) -> 0 | E61: =IF(C61=0,0,IF(C61<SETTING!$C$3,(SETTING!$C$3*SETTING!$C$6),IF(C61>SETTING!$C$4,(SETTING!$C$4*SETTING!$C$6),(C61*SETTING!$C$6)))) -> 0 | F61: =D61+E61 -> 0
A62: =IF('TENAGA KERJA'!A61=0,"",'TENAGA KERJA'!A61) | B62: =IF('TENAGA KERJA'!B61=0,"",'TENAGA KERJA'!B61) | C62: =IF('TENAGA KERJA'!J61="Tidak",0,('TENAGA KERJA'!K61+'TENAGA KERJA'!L61)) -> 0 | D62: =IF(C62=0,0,IF(C62<SETTING!$C$3,(SETTING!$C$3*SETTING!$C$5),IF(C62>SETTING!$C$4,(SETTING!$C$4*SETTING!$C$5),(C62*SETTING!$C$5)))) -> 0 | E62: =IF(C62=0,0,IF(C62<SETTING!$C$3,(SETTING!$C$3*SETTING!$C$6),IF(C62>SETTING!$C$4,(SETTING!$C$4*SETTING!$C$6),(C62*SETTING!$C$6)))) -> 0 | F62: =D62+E62 -> 0
A63: =IF('TENAGA KERJA'!A62=0,"",'TENAGA KERJA'!A62) | B63: =IF('TENAGA KERJA'!B62=0,"",'TENAGA KERJA'!B62) | C63: =IF('TENAGA KERJA'!J62="Tidak",0,('TENAGA KERJA'!K62+'TENAGA KERJA'!L62)) -> 0 | D63: =IF(C63=0,0,IF(C63<SETTING!$C$3,(SETTING!$C$3*SETTING!$C$5),IF(C63>SETTING!$C$4,(SETTING!$C$4*SETTING!$C$5),(C63*SETTING!$C$5)))) -> 0 | E63: =IF(C63=0,0,IF(C63<SETTING!$C$3,(SETTING!$C$3*SETTING!$C$6),IF(C63>SETTING!$C$4,(SETTING!$C$4*SETTING!$C$6),(C63*SETTING!$C$6)))) -> 0 | F63: =D63+E63 -> 0
A64: =IF('TENAGA KERJA'!A63=0,"",'TENAGA KERJA'!A63) | B64: =IF('TENAGA KERJA'!B63=0,"",'TENAGA KERJA'!B63) | C64: =IF('TENAGA KERJA'!J63="Tidak",0,('TENAGA KERJA'!K63+'TENAGA KERJA'!L63)) -> 0 | D64: =IF(C64=0,0,IF(C64<SETTING!$C$3,(SETTING!$C$3*SETTING!$C$5),IF(C64>SETTING!$C$4,(SETTING!$C$4*SETTING!$C$5),(C64*SETTING!$C$5)))) -> 0 | E64: =IF(C64=0,0,IF(C64<SETTING!$C$3,(SETTING!$C$3*SETTING!$C$6),IF(C64>SETTING!$C$4,(SETTING!$C$4*SETTING!$C$6),(C64*SETTING!$C$6)))) -> 0 | F64: =D64+E64 -> 0
... A98: =IF('TENAGA KERJA'!A97=0,"",'TENAGA KERJA'!A97) | B98: =IF('TENAGA KERJA'!B97=0,"",'TENAGA KERJA'!B97) | C98: =IF('TENAGA KERJA'!J97="Tidak",0,('TENAGA KERJA'!K97+'TENAGA KERJA'!L97)) -> 0 | D98: =IF(C98=0,0,IF(C98<SETTING!$C$3,(SETTING!$C$3*SETTING!$C$5),IF(C98>SETTING!$C$4,(SETTING!$C$4*SETTING!$C$5),(C98*SETTING!$C$5)))) -> 0 | E98: =IF(C98=0,0,IF(C98<SETTING!$C$3,(SETTING!$C$3*SETTING!$C$6),IF(C98>SETTING!$C$4,(SETTING!$C$4*SETTING!$C$6),(C98*SETTING!$C$6)))) -> 0 | F98: =D98+E98 -> 0
A99: =IF('TENAGA KERJA'!A98=0,"",'TENAGA KERJA'!A98) | B99: =IF('TENAGA KERJA'!B98=0,"",'TENAGA KERJA'!B98) | C99: =IF('TENAGA KERJA'!J98="Tidak",0,('TENAGA KERJA'!K98+'TENAGA KERJA'!L98))+1891337 -> 1891337 | D99: =IF(C99=0,0,IF(C99<SETTING!$C$3,(SETTING!$C$3*SETTING!$C$5),IF(C99>SETTING!$C$4,(SETTING!$C$4*SETTING!$C$5),(C99*SETTING!$C$5)))) -> 175653.48 | E99: =IF(C99=0,0,IF(C99<SETTING!$C$3,(SETTING!$C$3*SETTING!$C$6),IF(C99>SETTING!$C$4,(SETTING!$C$4*SETTING!$C$6),(C99*SETTING!$C$6)))) -> 43913.37 | F99: =D99+E99 -> 219566.85
A100: =IF('TENAGA KERJA'!A99=0,"",'TENAGA KERJA'!A99) | B100: =IF('TENAGA KERJA'!B99=0,"",'TENAGA KERJA'!B99) | C100: =IF('TENAGA KERJA'!J99="Tidak",0,('TENAGA KERJA'!K99+'TENAGA KERJA'!L99)) -> 0 | D100: =IF(C100=0,0,IF(C100<SETTING!$C$3,(SETTING!$C$3*SETTING!$C$5),IF(C100>SETTING!$C$4,(SETTING!$C$4*SETTING!$C$5),(C100*SETTING!$C$5)))) -> 0 | E100: =IF(C100=0,0,IF(C100<SETTING!$C$3,(SETTING!$C$3*SETTING!$C$6),IF(C100>SETTING!$C$4,(SETTING!$C$4*SETTING!$C$6),(C100*SETTING!$C$6)))) -> 0 | F100: =D100+E100 -> 0
A101: =IF('TENAGA KERJA'!A100=0,"",'TENAGA KERJA'!A100) | B101: =IF('TENAGA KERJA'!B100=0,"",'TENAGA KERJA'!B100) | C101: =IF('TENAGA KERJA'!J100="Tidak",0,('TENAGA KERJA'!K100+'TENAGA KERJA'!L100)) -> 0 | D101: =IF(C101=0,0,IF(C101<SETTING!$C$3,(SETTING!$C$3*SETTING!$C$5),IF(C101>SETTING!$C$4,(SETTING!$C$4*SETTING!$C$5),(C101*SETTING!$C$5)))) -> 0 | E101: =IF(C101=0,0,IF(C101<SETTING!$C$3,(SETTING!$C$3*SETTING!$C$6),IF(C101>SETTING!$C$4,(SETTING!$C$4*SETTING!$C$6),(C101*SETTING!$C$6)))) -> 0 | F101: =D101+E101 -> 0 | H101: =SUM(E29:E99)+E168 -> 87826.74
A102: =IF('TENAGA KERJA'!A101=0,"",'TENAGA KERJA'!A101) | B102: =IF('TENAGA KERJA'!B101=0,"",'TENAGA KERJA'!B101) | C102: =IF('TENAGA KERJA'!J101="Tidak",0,('TENAGA KERJA'!K101+'TENAGA KERJA'!L101)) -> 0 | D102: =IF(C102=0,0,IF(C102<SETTING!$C$3,(SETTING!$C$3*SETTING!$C$5),IF(C102>SETTING!$C$4,(SETTING!$C$4*SETTING!$C$5),(C102*SETTING!$C$5)))) -> 0 | E102: =IF(C102=0,0,IF(C102<SETTING!$C$3,(SETTING!$C$3*SETTING!$C$6),IF(C102>SETTING!$C$4,(SETTING!$C$4*SETTING!$C$6),(C102*SETTING!$C$6)))) -> 0 | F102: =D102+E102 -> 0
A103: =IF('TENAGA KERJA'!A102=0,"",'TENAGA KERJA'!A102) | B103: =IF('TENAGA KERJA'!B102=0,"",'TENAGA KERJA'!B102) | C103: =IF('TENAGA KERJA'!J102="Tidak",0,('TENAGA KERJA'!K102+'TENAGA KERJA'!L102)) -> 0 | D103: =IF(C103=0,0,IF(C103<SETTING!$C$3,(SETTING!$C$3*SETTING!$C$5),IF(C103>SETTING!$C$4,(SETTING!$C$4*SETTING!$C$5),(C103*SETTING!$C$5)))) -> 0 | E103: =IF(C103=0,0,IF(C103<SETTING!$C$3,(SETTING!$C$3*SETTING!$C$6),IF(C103>SETTING!$C$4,(SETTING!$C$4*SETTING!$C$6),(C103*SETTING!$C$6)))) -> 0 | F103: =D103+E103 -> 0
A104: =IF('TENAGA KERJA'!A103=0,"",'TENAGA KERJA'!A103) | B104: =IF('TENAGA KERJA'!B103=0,"",'TENAGA KERJA'!B103) | C104: =IF('TENAGA KERJA'!J103="Tidak",0,('TENAGA KERJA'!K103+'TENAGA KERJA'!L103)) -> 0 | D104: =IF(C104=0,0,IF(C104<SETTING!$C$3,(SETTING!$C$3*SETTING!$C$5),IF(C104>SETTING!$C$4,(SETTING!$C$4*SETTING!$C$5),(C104*SETTING!$C$5)))) -> 0 | E104: =IF(C104=0,0,IF(C104<SETTING!$C$3,(SETTING!$C$3*SETTING!$C$6),IF(C104>SETTING!$C$4,(SETTING!$C$4*SETTING!$C$6),(C104*SETTING!$C$6)))) -> 0 | F104: =D104+E104 -> 0
A105: =IF('TENAGA KERJA'!A104=0,"",'TENAGA KERJA'!A104) | B105: =IF('TENAGA KERJA'!B104=0,"",'TENAGA KERJA'!B104) | C105: =IF('TENAGA KERJA'!J104="Tidak",0,('TENAGA KERJA'!K104+'TENAGA KERJA'!L104)) -> 0 | D105: =IF(C105=0,0,IF(C105<SETTING!$C$3,(SETTING!$C$3*SETTING!$C$5),IF(C105>SETTING!$C$4,(SETTING!$C$4*SETTING!$C$5),(C105*SETTING!$C$5)))) -> 0 | E105: =IF(C105=0,0,IF(C105<SETTING!$C$3,(SETTING!$C$3*SETTING!$C$6),IF(C105>SETTING!$C$4,(SETTING!$C$4*SETTING!$C$6),(C105*SETTING!$C$6)))) -> 0 | F105: =D105+E105 -> 0
A106: =IF('TENAGA KERJA'!A105=0,"",'TENAGA KERJA'!A105) | B106: =IF('TENAGA KERJA'!B105=0,"",'TENAGA KERJA'!B105) | C106: =IF('TENAGA KERJA'!J105="Tidak",0,('TENAGA KERJA'!K105+'TENAGA KERJA'!L105)) -> 0 | D106: =IF(C106=0,0,IF(C106<SETTING!$C$3,(SETTING!$C$3*SETTING!$C$5),IF(C106>SETTING!$C$4,(SETTING!$C$4*SETTING!$C$5),(C106*SETTING!$C$5)))) -> 0 | E106: =IF(C106=0,0,IF(C106<SETTING!$C$3,(SETTING!$C$3*SETTING!$C$6),IF(C106>SETTING!$C$4,(SETTING!$C$4*SETTING!$C$6),(C106*SETTING!$C$6)))) -> 0 | F106: =D106+E106 -> 0
A107: =IF('TENAGA KERJA'!A106=0,"",'TENAGA KERJA'!A106) | B107: =IF('TENAGA KERJA'!B106=0,"",'TENAGA KERJA'!B106) | C107: =IF('TENAGA KERJA'!J106="Tidak",0,('TENAGA KERJA'!K106+'TENAGA KERJA'!L106)) -> 0 | D107: =IF(C107=0,0,IF(C107<SETTING!$C$3,(SETTING!$C$3*SETTING!$C$5),IF(C107>SETTING!$C$4,(SETTING!$C$4*SETTING!$C$5),(C107*SETTING!$C$5)))) -> 0 | E107: =IF(C107=0,0,IF(C107<SETTING!$C$3,(SETTING!$C$3*SETTING!$C$6),IF(C107>SETTING!$C$4,(SETTING!$C$4*SETTING!$C$6),(C107*SETTING!$C$6)))) -> 0 | F107: =D107+E107 -> 0
A108: =IF('TENAGA KERJA'!A107=0,"",'TENAGA KERJA'!A107) | B108: =IF('TENAGA KERJA'!B107=0,"",'TENAGA KERJA'!B107) | C108: =IF('TENAGA KERJA'!J107="Tidak",0,('TENAGA KERJA'!K107+'TENAGA KERJA'!L107)) -> 0 | D108: =IF(C108=0,0,IF(C108<SETTING!$C$3,(SETTING!$C$3*SETTING!$C$5),IF(C108>SETTING!$C$4,(SETTING!$C$4*SETTING!$C$5),(C108*SETTING!$C$5)))) -> 0 | E108: =IF(C108=0,0,IF(C108<SETTING!$C$3,(SETTING!$C$3*SETTING!$C$6),IF(C108>SETTING!$C$4,(SETTING!$C$4*SETTING!$C$6),(C108*SETTING!$C$6)))) -> 0 | F108: =D108+E108 -> 0
A109: =IF('TENAGA KERJA'!A108=0,"",'TENAGA KERJA'!A108) | B109: =IF('TENAGA KERJA'!B108=0,"",'TENAGA KERJA'!B108) | C109: =IF('TENAGA KERJA'!J108="Tidak",0,('TENAGA KERJA'!K108+'TENAGA KERJA'!L108)) -> 0 | D109: =IF(C109=0,0,IF(C109<SETTING!$C$3,(SETTING!$C$3*SETTING!$C$5),IF(C109>SETTING!$C$4,(SETTING!$C$4*SETTING!$C$5),(C109*SETTING!$C$5)))) -> 0 | E109: =IF(C109=0,0,IF(C109<SETTING!$C$3,(SETTING!$C$3*SETTING!$C$6),IF(C109>SETTING!$C$4,(SETTING!$C$4*SETTING!$C$6),(C109*SETTING!$C$6)))) -> 0 | F109: =D109+E109 -> 0
A110: =IF('TENAGA KERJA'!A109=0,"",'TENAGA KERJA'!A109) | B110: =IF('TENAGA KERJA'!B109=0,"",'TENAGA KERJA'!B109) | C110: =IF('TENAGA KERJA'!J109="Tidak",0,('TENAGA KERJA'!K109+'TENAGA KERJA'!L109)) -> 0 | D110: =IF(C110=0,0,IF(C110<SETTING!$C$3,(SETTING!$C$3*SETTING!$C$5),IF(C110>SETTING!$C$4,(SETTING!$C$4*SETTING!$C$5),(C110*SETTING!$C$5)))) -> 0 | E110: =IF(C110=0,0,IF(C110<SETTING!$C$3,(SETTING!$C$3*SETTING!$C$6),IF(C110>SETTING!$C$4,(SETTING!$C$4*SETTING!$C$6),(C110*SETTING!$C$6)))) -> 0 | F110: =D110+E110 -> 0
A111: =IF('TENAGA KERJA'!A110=0,"",'TENAGA KERJA'!A110) | B111: =IF('TENAGA KERJA'!B110=0,"",'TENAGA KERJA'!B110) | C111: =IF('TENAGA KERJA'!J110="Tidak",0,('TENAGA KERJA'!K110+'TENAGA KERJA'!L110)) -> 0 | D111: =IF(C111=0,0,IF(C111<SETTING!$C$3,(SETTING!$C$3*SETTING!$C$5),IF(C111>SETTING!$C$4,(SETTING!$C$4*SETTING!$C$5),(C111*SETTING!$C$5)))) -> 0 | E111: =IF(C111=0,0,IF(C111<SETTING!$C$3,(SETTING!$C$3*SETTING!$C$6),IF(C111>SETTING!$C$4,(SETTING!$C$4*SETTING!$C$6),(C111*SETTING!$C$6)))) -> 0 | F111: =D111+E111 -> 0
A112: =IF('TENAGA KERJA'!A111=0,"",'TENAGA KERJA'!A111) | B112: =IF('TENAGA KERJA'!B111=0,"",'TENAGA KERJA'!B111) | C112: =IF('TENAGA KERJA'!J111="Tidak",0,('TENAGA KERJA'!K111+'TENAGA KERJA'!L111)) -> 0 | D112: =IF(C112=0,0,IF(C112<SETTING!$C$3,(SETTING!$C$3*SETTING!$C$5),IF(C112>SETTING!$C$4,(SETTING!$C$4*SETTING!$C$5),(C112*SETTING!$C$5)))) -> 0 | E112: =IF(C112=0,0,IF(C112<SETTING!$C$3,(SETTING!$C$3*SETTING!$C$6),IF(C112>SETTING!$C$4,(SETTING!$C$4*SETTING!$C$6),(C112*SETTING!$C$6)))) -> 0 | F112: =D112+E112 -> 0
A113: =IF('TENAGA KERJA'!A112=0,"",'TENAGA KERJA'!A112) | B113: =IF('TENAGA KERJA'!B112=0,"",'TENAGA KERJA'!B112) | C113: =IF('TENAGA KERJA'!J112="Tidak",0,('TENAGA KERJA'!K112+'TENAGA KERJA'!L112)) -> 0 | D113: =IF(C113=0,0,IF(C113<SETTING!$C$3,(SETTING!$C$3*SETTING!$C$5),IF(C113>SETTING!$C$4,(SETTING!$C$4*SETTING!$C$5),(C113*SETTING!$C$5)))) -> 0 | E113: =IF(C113=0,0,IF(C113<SETTING!$C$3,(SETTING!$C$3*SETTING!$C$6),IF(C113>SETTING!$C$4,(SETTING!$C$4*SETTING!$C$6),(C113*SETTING!$C$6)))) -> 0 | F113: =D113+E113 -> 0
... A130: =IF('TENAGA KERJA'!A129=0,"",'TENAGA KERJA'!A129) | B130: =IF('TENAGA KERJA'!B129=0,"",'TENAGA KERJA'!B129) | C130: =IF('TENAGA KERJA'!J129="Tidak",0,('TENAGA KERJA'!K129+'TENAGA KERJA'!L129)) -> 0 | D130: =IF(C130=0,0,IF(C130<SETTING!$C$3,(SETTING!$C$3*SETTING!$C$5),IF(C130>SETTING!$C$4,(SETTING!$C$4*SETTING!$C$5),(C130*SETTING!$C$5)))) -> 0 | E130: =IF(C130=0,0,IF(C130<SETTING!$C$3,(SETTING!$C$3*SETTING!$C$6),IF(C130>SETTING!$C$4,(SETTING!$C$4*SETTING!$C$6),(C130*SETTING!$C$6)))) -> 0 | F130: =D130+E130 -> 0
A131: =IF('TENAGA KERJA'!A130=0,"",'TENAGA KERJA'!A130) | B131: =IF('TENAGA KERJA'!B130=0,"",'TENAGA KERJA'!B130) | C131: =IF('TENAGA KERJA'!J130="Tidak",0,('TENAGA KERJA'!K130+'TENAGA KERJA'!L130))+1891337 -> 1891337 | D131: =IF(C131=0,0,IF(C131<SETTING!$C$3,(SETTING!$C$3*SETTING!$C$5),IF(C131>SETTING!$C$4,(SETTING!$C$4*SETTING!$C$5),(C131*SETTING!$C$5)))) -> 175653.48 | E131: =IF(C131=0,0,IF(C131<SETTING!$C$3,(SETTING!$C$3*SETTING!$C$6),IF(C131>SETTING!$C$4,(SETTING!$C$4*SETTING!$C$6),(C131*SETTING!$C$6)))) -> 43913.37 | F131: =D131+E131 -> 219566.85
A132: =IF('TENAGA KERJA'!A131=0,"",'TENAGA KERJA'!A131) | B132: =IF('TENAGA KERJA'!B131=0,"",'TENAGA KERJA'!B131) | C132: =IF('TENAGA KERJA'!J131="Tidak",0,('TENAGA KERJA'!K131+'TENAGA KERJA'!L131)) -> 0 | D132: =IF(C132=0,0,IF(C132<SETTING!$C$3,(SETTING!$C$3*SETTING!$C$5),IF(C132>SETTING!$C$4,(SETTING!$C$4*SETTING!$C$5),(C132*SETTING!$C$5)))) -> 0 | E132: =IF(C132=0,0,IF(C132<SETTING!$C$3,(SETTING!$C$3*SETTING!$C$6),IF(C132>SETTING!$C$4,(SETTING!$C$4*SETTING!$C$6),(C132*SETTING!$C$6)))) -> 0 | F132: =D132+E132 -> 0
A133: =IF('TENAGA KERJA'!A132=0,"",'TENAGA KERJA'!A132) | B133: =IF('TENAGA KERJA'!B132=0,"",'TENAGA KERJA'!B132) | C133: =IF('TENAGA KERJA'!J132="Tidak",0,('TENAGA KERJA'!K132+'TENAGA KERJA'!L132)) -> 0 | D133: =IF(C133=0,0,IF(C133<SETTING!$C$3,(SETTING!$C$3*SETTING!$C$5),IF(C133>SETTING!$C$4,(SETTING!$C$4*SETTING!$C$5),(C133*SETTING!$C$5)))) -> 0 | E133: =IF(C133=0,0,IF(C133<SETTING!$C$3,(SETTING!$C$3*SETTING!$C$6),IF(C133>SETTING!$C$4,(SETTING!$C$4*SETTING!$C$6),(C133*SETTING!$C$6)))) -> 0 | F133: =D133+E133 -> 0
A134: =IF('TENAGA KERJA'!A133=0,"",'TENAGA KERJA'!A133) | B134: =IF('TENAGA KERJA'!B133=0,"",'TENAGA KERJA'!B133) | C134: =IF('TENAGA KERJA'!J133="Tidak",0,('TENAGA KERJA'!K133+'TENAGA KERJA'!L133)) -> 0 | D134: =IF(C134=0,0,IF(C134<SETTING!$C$3,(SETTING!$C$3*SETTING!$C$5),IF(C134>SETTING!$C$4,(SETTING!$C$4*SETTING!$C$5),(C134*SETTING!$C$5)))) -> 0 | E134: =IF(C134=0,0,IF(C134<SETTING!$C$3,(SETTING!$C$3*SETTING!$C$6),IF(C134>SETTING!$C$4,(SETTING!$C$4*SETTING!$C$6),(C134*SETTING!$C$6)))) -> 0 | F134: =D134+E134 -> 0
A135: =IF('TENAGA KERJA'!A134=0,"",'TENAGA KERJA'!A134) | B135: =IF('TENAGA KERJA'!B134=0,"",'TENAGA KERJA'!B134) | C135: =IF('TENAGA KERJA'!J134="Tidak",0,('TENAGA KERJA'!K134+'TENAGA KERJA'!L134)) -> 0 | D135: =IF(C135=0,0,IF(C135<SETTING!$C$3,(SETTING!$C$3*SETTING!$C$5),IF(C135>SETTING!$C$4,(SETTING!$C$4*SETTING!$C$5),(C135*SETTING!$C$5)))) -> 0 | E135: =IF(C135=0,0,IF(C135<SETTING!$C$3,(SETTING!$C$3*SETTING!$C$6),IF(C135>SETTING!$C$4,(SETTING!$C$4*SETTING!$C$6),(C135*SETTING!$C$6)))) -> 0 | F135: =D135+E135 -> 0
A136: =IF('TENAGA KERJA'!A135=0,"",'TENAGA KERJA'!A135) | B136: =IF('TENAGA KERJA'!B135=0,"",'TENAGA KERJA'!B135) | C136: =IF('TENAGA KERJA'!J135="Tidak",0,('TENAGA KERJA'!K135+'TENAGA KERJA'!L135)) -> 0 | D136: =IF(C136=0,0,IF(C136<SETTING!$C$3,(SETTING!$C$3*SETTING!$C$5),IF(C136>SETTING!$C$4,(SETTING!$C$4*SETTING!$C$5),(C136*SETTING!$C$5)))) -> 0 | E136: =IF(C136=0,0,IF(C136<SETTING!$C$3,(SETTING!$C$3*SETTING!$C$6),IF(C136>SETTING!$C$4,(SETTING!$C$4*SETTING!$C$6),(C136*SETTING!$C$6)))) -> 0 | F136: =D136+E136 -> 0
A137: =IF('TENAGA KERJA'!A136=0,"",'TENAGA KERJA'!A136) | B137: =IF('TENAGA KERJA'!B136=0,"",'TENAGA KERJA'!B136) | C137: =IF('TENAGA KERJA'!J136="Tidak",0,('TENAGA KERJA'!K136+'TENAGA KERJA'!L136)) -> 0 | D137: =IF(C137=0,0,IF(C137<SETTING!$C$3,(SETTING!$C$3*SETTING!$C$5),IF(C137>SETTING!$C$4,(SETTING!$C$4*SETTING!$C$5),(C137*SETTING!$C$5)))) -> 0 | E137: =IF(C137=0,0,IF(C137<SETTING!$C$3,(SETTING!$C$3*SETTING!$C$6),IF(C137>SETTING!$C$4,(SETTING!$C$4*SETTING!$C$6),(C137*SETTING!$C$6)))) -> 0 | F137: =D137+E137 -> 0
A138: =IF('TENAGA KERJA'!A137=0,"",'TENAGA KERJA'!A137) | B138: =IF('TENAGA KERJA'!B137=0,"",'TENAGA KERJA'!B137) | C138: =IF('TENAGA KERJA'!J137="Tidak",0,('TENAGA KERJA'!K137+'TENAGA KERJA'!L137)) -> 0 | D138: =IF(C138=0,0,IF(C138<SETTING!$C$3,(SETTING!$C$3*SETTING!$C$5),IF(C138>SETTING!$C$4,(SETTING!$C$4*SETTING!$C$5),(C138*SETTING!$C$5)))) -> 0 | E138: =IF(C138=0,0,IF(C138<SETTING!$C$3,(SETTING!$C$3*SETTING!$C$6),IF(C138>SETTING!$C$4,(SETTING!$C$4*SETTING!$C$6),(C138*SETTING!$C$6)))) -> 0 | F138: =D138+E138 -> 0 | G138: =SUM(E102:E137) -> 43913.37
A139: =IF('TENAGA KERJA'!A138=0,"",'TENAGA KERJA'!A138) | B139: =IF('TENAGA KERJA'!B138=0,"",'TENAGA KERJA'!B138) | C139: =IF('TENAGA KERJA'!J138="Tidak",0,('TENAGA KERJA'!K138+'TENAGA KERJA'!L138)) -> 0 | D139: =IF(C139=0,0,IF(C139<SETTING!$C$3,(SETTING!$C$3*SETTING!$C$5),IF(C139>SETTING!$C$4,(SETTING!$C$4*SETTING!$C$5),(C139*SETTING!$C$5)))) -> 0 | E139: =IF(C139=0,0,IF(C139<SETTING!$C$3,(SETTING!$C$3*SETTING!$C$6),IF(C139>SETTING!$C$4,(SETTING!$C$4*SETTING!$C$6),(C139*SETTING!$C$6)))) -> 0 | F139: =D139+E139 -> 0
A140: =IF('TENAGA KERJA'!A139=0,"",'TENAGA KERJA'!A139) | B140: =IF('TENAGA KERJA'!B139=0,"",'TENAGA KERJA'!B139) | C140: =IF('TENAGA KERJA'!J139="Tidak",0,('TENAGA KERJA'!K139+'TENAGA KERJA'!L139)) -> 0 | D140: =IF(C140=0,0,IF(C140<SETTING!$C$3,(SETTING!$C$3*SETTING!$C$5),IF(C140>SETTING!$C$4,(SETTING!$C$4*SETTING!$C$5),(C140*SETTING!$C$5)))) -> 0 | E140: =IF(C140=0,0,IF(C140<SETTING!$C$3,(SETTING!$C$3*SETTING!$C$6),IF(C140>SETTING!$C$4,(SETTING!$C$4*SETTING!$C$6),(C140*SETTING!$C$6)))) -> 0 | F140: =D140+E140 -> 0
A141: =IF('TENAGA KERJA'!A140=0,"",'TENAGA KERJA'!A140) | B141: =IF('TENAGA KERJA'!B140=0,"",'TENAGA KERJA'!B140) | C141: =IF('TENAGA KERJA'!J140="Tidak",0,('TENAGA KERJA'!K140+'TENAGA KERJA'!L140)) -> 0 | D141: =IF(C141=0,0,IF(C141<SETTING!$C$3,(SETTING!$C$3*SETTING!$C$5),IF(C141>SETTING!$C$4,(SETTING!$C$4*SETTING!$C$5),(C141*SETTING!$C$5)))) -> 0 | E141: =IF(C141=0,0,IF(C141<SETTING!$C$3,(SETTING!$C$3*SETTING!$C$6),IF(C141>SETTING!$C$4,(SETTING!$C$4*SETTING!$C$6),(C141*SETTING!$C$6)))) -> 0 | F141: =D141+E141 -> 0
A142: =IF('TENAGA KERJA'!A141=0,"",'TENAGA KERJA'!A141) | B142: =IF('TENAGA KERJA'!B141=0,"",'TENAGA KERJA'!B141) | C142: =IF('TENAGA KERJA'!J141="Tidak",0,('TENAGA KERJA'!K141+'TENAGA KERJA'!L141)) -> 0 | D142: =IF(C142=0,0,IF(C142<SETTING!$C$3,(SETTING!$C$3*SETTING!$C$5),IF(C142>SETTING!$C$4,(SETTING!$C$4*SETTING!$C$5),(C142*SETTING!$C$5)))) -> 0 | E142: =IF(C142=0,0,IF(C142<SETTING!$C$3,(SETTING!$C$3*SETTING!$C$6),IF(C142>SETTING!$C$4,(SETTING!$C$4*SETTING!$C$6),(C142*SETTING!$C$6)))) -> 0 | F142: =D142+E142 -> 0
A143: =IF('TENAGA KERJA'!A142=0,"",'TENAGA KERJA'!A142) | B143: =IF('TENAGA KERJA'!B142=0,"",'TENAGA KERJA'!B142) | C143: =IF('TENAGA KERJA'!J142="Tidak",0,('TENAGA KERJA'!K142+'TENAGA KERJA'!L142)) -> 0 | D143: =IF(C143=0,0,IF(C143<SETTING!$C$3,(SETTING!$C$3*SETTING!$C$5),IF(C143>SETTING!$C$4,(SETTING!$C$4*SETTING!$C$5),(C143*SETTING!$C$5)))) -> 0 | E143: =IF(C143=0,0,IF(C143<SETTING!$C$3,(SETTING!$C$3*SETTING!$C$6),IF(C143>SETTING!$C$4,(SETTING!$C$4*SETTING!$C$6),(C143*SETTING!$C$6)))) -> 0 | F143: =D143+E143 -> 0
A144: =IF('TENAGA KERJA'!A143=0,"",'TENAGA KERJA'!A143) | B144: =IF('TENAGA KERJA'!B143=0,"",'TENAGA KERJA'!B143) | C144: =IF('TENAGA KERJA'!J143="Tidak",0,('TENAGA KERJA'!K143+'TENAGA KERJA'!L143)) -> 0 | D144: =IF(C144=0,0,IF(C144<SETTING!$C$3,(SETTING!$C$3*SETTING!$C$5),IF(C144>SETTING!$C$4,(SETTING!$C$4*SETTING!$C$5),(C144*SETTING!$C$5)))) -> 0 | E144: =IF(C144=0,0,IF(C144<SETTING!$C$3,(SETTING!$C$3*SETTING!$C$6),IF(C144>SETTING!$C$4,(SETTING!$C$4*SETTING!$C$6),(C144*SETTING!$C$6)))) -> 0 | F144: =D144+E144 -> 0
A145: =IF('TENAGA KERJA'!A144=0,"",'TENAGA KERJA'!A144) | B145: =IF('TENAGA KERJA'!B144=0,"",'TENAGA KERJA'!B144) | C145: =IF('TENAGA KERJA'!J144="Tidak",0,('TENAGA KERJA'!K144+'TENAGA KERJA'!L144)) -> 0 | D145: =IF(C145=0,0,IF(C145<SETTING!$C$3,(SETTING!$C$3*SETTING!$C$5),IF(C145>SETTING!$C$4,(SETTING!$C$4*SETTING!$C$5),(C145*SETTING!$C$5)))) -> 0 | E145: =IF(C145=0,0,IF(C145<SETTING!$C$3,(SETTING!$C$3*SETTING!$C$6),IF(C145>SETTING!$C$4,(SETTING!$C$4*SETTING!$C$6),(C145*SETTING!$C$6)))) -> 0 | F145: =D145+E145 -> 0
A146: =IF('TENAGA KERJA'!A145=0,"",'TENAGA KERJA'!A145) | B146: =IF('TENAGA KERJA'!B145=0,"",'TENAGA KERJA'!B145) | C146: =IF('TENAGA KERJA'!J145="Tidak",0,('TENAGA KERJA'!K145+'TENAGA KERJA'!L145)) -> 0 | D146: =IF(C146=0,0,IF(C146<SETTING!$C$3,(SETTING!$C$3*SETTING!$C$5),IF(C146>SETTING!$C$4,(SETTING!$C$4*SETTING!$C$5),(C146*SETTING!$C$5)))) -> 0 | E146: =IF(C146=0,0,IF(C146<SETTING!$C$3,(SETTING!$C$3*SETTING!$C$6),IF(C146>SETTING!$C$4,(SETTING!$C$4*SETTING!$C$6),(C146*SETTING!$C$6)))) -> 0 | F146: =D146+E146 -> 0
A147: =IF('TENAGA KERJA'!A146=0,"",'TENAGA KERJA'!A146) | B147: =IF('TENAGA KERJA'!B146=0,"",'TENAGA KERJA'!B146) | C147: =IF('TENAGA KERJA'!J146="Tidak",0,('TENAGA KERJA'!K146+'TENAGA KERJA'!L146)) -> 0 | D147: =IF(C147=0,0,IF(C147<SETTING!$C$3,(SETTING!$C$3*SETTING!$C$5),IF(C147>SETTING!$C$4,(SETTING!$C$4*SETTING!$C$5),(C147*SETTING!$C$5)))) -> 0 | E147: =IF(C147=0,0,IF(C147<SETTING!$C$3,(SETTING!$C$3*SETTING!$C$6),IF(C147>SETTING!$C$4,(SETTING!$C$4*SETTING!$C$6),(C147*SETTING!$C$6)))) -> 0 | F147: =D147+E147 -> 0
A148: =IF('TENAGA KERJA'!A147=0,"",'TENAGA KERJA'!A147) | B148: =IF('TENAGA KERJA'!B147=0,"",'TENAGA KERJA'!B147) | C148: =IF('TENAGA KERJA'!J147="Tidak",0,('TENAGA KERJA'!K147+'TENAGA KERJA'!L147)) -> 0 | D148: =IF(C148=0,0,IF(C148<SETTING!$C$3,(SETTING!$C$3*SETTING!$C$5),IF(C148>SETTING!$C$4,(SETTING!$C$4*SETTING!$C$5),(C148*SETTING!$C$5)))) -> 0 | E148: =IF(C148=0,0,IF(C148<SETTING!$C$3,(SETTING!$C$3*SETTING!$C$6),IF(C148>SETTING!$C$4,(SETTING!$C$4*SETTING!$C$6),(C148*SETTING!$C$6)))) -> 0 | F148: =D148+E148 -> 0
A149: =IF('TENAGA KERJA'!A148=0,"",'TENAGA KERJA'!A148) | B149: =IF('TENAGA KERJA'!B148=0,"",'TENAGA KERJA'!B148) | C149: =IF('TENAGA KERJA'!J148="Tidak",0,('TENAGA KERJA'!K148+'TENAGA KERJA'!L148)) -> 0 | D149: =IF(C149=0,0,IF(C149<SETTING!$C$3,(SETTING!$C$3*SETTING!$C$5),IF(C149>SETTING!$C$4,(SETTING!$C$4*SETTING!$C$5),(C149*SETTING!$C$5)))) -> 0 | E149: =IF(C149=0,0,IF(C149<SETTING!$C$3,(SETTING!$C$3*SETTING!$C$6),IF(C149>SETTING!$C$4,(SETTING!$C$4*SETTING!$C$6),(C149*SETTING!$C$6)))) -> 0 | F149: =D149+E149 -> 0
A150: =IF('TENAGA KERJA'!A149=0,"",'TENAGA KERJA'!A149) | B150: =IF('TENAGA KERJA'!B149=0,"",'TENAGA KERJA'!B149) | C150: =IF('TENAGA KERJA'!J149="Tidak",0,('TENAGA KERJA'!K149+'TENAGA KERJA'!L149)) -> 0 | D150: =IF(C150=0,0,IF(C150<SETTING!$C$3,(SETTING!$C$3*SETTING!$C$5),IF(C150>SETTING!$C$4,(SETTING!$C$4*SETTING!$C$5),(C150*SETTING!$C$5)))) -> 0 | E150: =IF(C150=0,0,IF(C150<SETTING!$C$3,(SETTING!$C$3*SETTING!$C$6),IF(C150>SETTING!$C$4,(SETTING!$C$4*SETTING!$C$6),(C150*SETTING!$C$6)))) -> 0 | F150: =D150+E150 -> 0
... A154: =IF('TENAGA KERJA'!A153=0,"",'TENAGA KERJA'!A153) | B154: =IF('TENAGA KERJA'!B153=0,"",'TENAGA KERJA'!B153) | C154: =IF('TENAGA KERJA'!J153="Tidak",0,('TENAGA KERJA'!K153+'TENAGA KERJA'!L153)) -> 0 | D154: =IF(C154=0,0,IF(C154<SETTING!$C$3,(SETTING!$C$3*SETTING!$C$5),IF(C154>SETTING!$C$4,(SETTING!$C$4*SETTING!$C$5),(C154*SETTING!$C$5)))) -> 0 | E154: =IF(C154=0,0,IF(C154<SETTING!$C$3,(SETTING!$C$3*SETTING!$C$6),IF(C154>SETTING!$C$4,(SETTING!$C$4*SETTING!$C$6),(C154*SETTING!$C$6)))) -> 0 | F154: =D154+E154 -> 0
A155: =IF('TENAGA KERJA'!A154=0,"",'TENAGA KERJA'!A154) | B155: =IF('TENAGA KERJA'!B154=0,"",'TENAGA KERJA'!B154) | C155: =IF('TENAGA KERJA'!J154="Tidak",0,('TENAGA KERJA'!K154+'TENAGA KERJA'!L154))+1891337 -> 1891337 | D155: =IF(C155=0,0,IF(C155<SETTING!$C$3,(SETTING!$C$3*SETTING!$C$5),IF(C155>SETTING!$C$4,(SETTING!$C$4*SETTING!$C$5),(C155*SETTING!$C$5)))) -> 175653.48 | E155: =IF(C155=0,0,IF(C155<SETTING!$C$3,(SETTING!$C$3*SETTING!$C$6),IF(C155>SETTING!$C$4,(SETTING!$C$4*SETTING!$C$6),(C155*SETTING!$C$6)))) -> 43913.37 | F155: =D155+E155 -> 219566.85
A156: =IF('TENAGA KERJA'!A155=0,"",'TENAGA KERJA'!A155) | B156: =IF('TENAGA KERJA'!B155=0,"",'TENAGA KERJA'!B155) | C156: =IF('TENAGA KERJA'!J155="Tidak",0,('TENAGA KERJA'!K155+'TENAGA KERJA'!L155)) -> 0 | D156: =IF(C156=0,0,IF(C156<SETTING!$C$3,(SETTING!$C$3*SETTING!$C$5),IF(C156>SETTING!$C$4,(SETTING!$C$4*SETTING!$C$5),(C156*SETTING!$C$5)))) -> 0 | E156: =IF(C156=0,0,IF(C156<SETTING!$C$3,(SETTING!$C$3*SETTING!$C$6),IF(C156>SETTING!$C$4,(SETTING!$C$4*SETTING!$C$6),(C156*SETTING!$C$6)))) -> 0 | F156: =D156+E156 -> 0
A157: =IF('TENAGA KERJA'!A156=0,"",'TENAGA KERJA'!A156) | B157: =IF('TENAGA KERJA'!B156=0,"",'TENAGA KERJA'!B156) | C157: =IF('TENAGA KERJA'!J156="Tidak",0,('TENAGA KERJA'!K156+'TENAGA KERJA'!L156)) -> 0 | D157: =IF(C157=0,0,IF(C157<SETTING!$C$3,(SETTING!$C$3*SETTING!$C$5),IF(C157>SETTING!$C$4,(SETTING!$C$4*SETTING!$C$5),(C157*SETTING!$C$5)))) -> 0 | E157: =IF(C157=0,0,IF(C157<SETTING!$C$3,(SETTING!$C$3*SETTING!$C$6),IF(C157>SETTING!$C$4,(SETTING!$C$4*SETTING!$C$6),(C157*SETTING!$C$6)))) -> 0 | F157: =D157+E157 -> 0
A158: =IF('TENAGA KERJA'!A157=0,"",'TENAGA KERJA'!A157) | B158: =IF('TENAGA KERJA'!B157=0,"",'TENAGA KERJA'!B157) | C158: =IF('TENAGA KERJA'!J157="Tidak",0,('TENAGA KERJA'!K157+'TENAGA KERJA'!L157)) -> 0 | D158: =IF(C158=0,0,IF(C158<SETTING!$C$3,(SETTING!$C$3*SETTING!$C$5),IF(C158>SETTING!$C$4,(SETTING!$C$4*SETTING!$C$5),(C158*SETTING!$C$5)))) -> 0 | E158: =IF(C158=0,0,IF(C158<SETTING!$C$3,(SETTING!$C$3*SETTING!$C$6),IF(C158>SETTING!$C$4,(SETTING!$C$4*SETTING!$C$6),(C158*SETTING!$C$6)))) -> 0 | F158: =D158+E158 -> 0
A159: =IF('TENAGA KERJA'!A158=0,"",'TENAGA KERJA'!A158) | B159: =IF('TENAGA KERJA'!B158=0,"",'TENAGA KERJA'!B158) | C159: =IF('TENAGA KERJA'!J158="Tidak",0,('TENAGA KERJA'!K158+'TENAGA KERJA'!L158)) -> 0 | D159: =IF(C159=0,0,IF(C159<SETTING!$C$3,(SETTING!$C$3*SETTING!$C$5),IF(C159>SETTING!$C$4,(SETTING!$C$4*SETTING!$C$5),(C159*SETTING!$C$5)))) -> 0 | E159: =IF(C159=0,0,IF(C159<SETTING!$C$3,(SETTING!$C$3*SETTING!$C$6),IF(C159>SETTING!$C$4,(SETTING!$C$4*SETTING!$C$6),(C159*SETTING!$C$6)))) -> 0 | F159: =D159+E159 -> 0
A160: =IF('TENAGA KERJA'!A159=0,"",'TENAGA KERJA'!A159) | B160: =IF('TENAGA KERJA'!B159=0,"",'TENAGA KERJA'!B159) | C160: =IF('TENAGA KERJA'!J159="Tidak",0,('TENAGA KERJA'!K159+'TENAGA KERJA'!L159)) -> 0 | D160: =IF(C160=0,0,IF(C160<SETTING!$C$3,(SETTING!$C$3*SETTING!$C$5),IF(C160>SETTING!$C$4,(SETTING!$C$4*SETTING!$C$5),(C160*SETTING!$C$5)))) -> 0 | E160: =IF(C160=0,0,IF(C160<SETTING!$C$3,(SETTING!$C$3*SETTING!$C$6),IF(C160>SETTING!$C$4,(SETTING!$C$4*SETTING!$C$6),(C160*SETTING!$C$6)))) -> 0 | F160: =D160+E160 -> 0
A161: =IF('TENAGA KERJA'!A160=0,"",'TENAGA KERJA'!A160) | B161: =IF('TENAGA KERJA'!B160=0,"",'TENAGA KERJA'!B160) | C161: =IF('TENAGA KERJA'!J160="Tidak",0,('TENAGA KERJA'!K160+'TENAGA KERJA'!L160)) -> 0 | D161: =IF(C161=0,0,IF(C161<SETTING!$C$3,(SETTING!$C$3*SETTING!$C$5),IF(C161>SETTING!$C$4,(SETTING!$C$4*SETTING!$C$5),(C161*SETTING!$C$5)))) -> 0 | E161: =IF(C161=0,0,IF(C161<SETTING!$C$3,(SETTING!$C$3*SETTING!$C$6),IF(C161>SETTING!$C$4,(SETTING!$C$4*SETTING!$C$6),(C161*SETTING!$C$6)))) -> 0 | F161: =D161+E161 -> 0
A162: =IF('TENAGA KERJA'!A161=0,"",'TENAGA KERJA'!A161) | B162: =IF('TENAGA KERJA'!B161=0,"",'TENAGA KERJA'!B161) | C162: =IF('TENAGA KERJA'!J161="Tidak",0,('TENAGA KERJA'!K161+'TENAGA KERJA'!L161)) -> 0 | D162: =IF(C162=0,0,IF(C162<SETTING!$C$3,(SETTING!$C$3*SETTING!$C$5),IF(C162>SETTING!$C$4,(SETTING!$C$4*SETTING!$C$5),(C162*SETTING!$C$5)))) -> 0 | E162: =IF(C162=0,0,IF(C162<SETTING!$C$3,(SETTING!$C$3*SETTING!$C$6),IF(C162>SETTING!$C$4,(SETTING!$C$4*SETTING!$C$6),(C162*SETTING!$C$6)))) -> 0 | F162: =D162+E162 -> 0
A163: =IF('TENAGA KERJA'!A162=0,"",'TENAGA KERJA'!A162) | B163: =IF('TENAGA KERJA'!B162=0,"",'TENAGA KERJA'!B162) | C163: =IF('TENAGA KERJA'!J162="Tidak",0,('TENAGA KERJA'!K162+'TENAGA KERJA'!L162)) -> 0 | D163: =IF(C163=0,0,IF(C163<SETTING!$C$3,(SETTING!$C$3*SETTING!$C$5),IF(C163>SETTING!$C$4,(SETTING!$C$4*SETTING!$C$5),(C163*SETTING!$C$5)))) -> 0 | E163: =IF(C163=0,0,IF(C163<SETTING!$C$3,(SETTING!$C$3*SETTING!$C$6),IF(C163>SETTING!$C$4,(SETTING!$C$4*SETTING!$C$6),(C163*SETTING!$C$6)))) -> 0 | F163: =D163+E163 -> 0
A164: =IF('TENAGA KERJA'!A163=0,"",'TENAGA KERJA'!A163) | B164: =IF('TENAGA KERJA'!B163=0,"",'TENAGA KERJA'!B163) | C164: =IF('TENAGA KERJA'!J163="Tidak",0,('TENAGA KERJA'!K163+'TENAGA KERJA'!L163)) -> 0 | D164: =IF(C164=0,0,IF(C164<SETTING!$C$3,(SETTING!$C$3*SETTING!$C$5),IF(C164>SETTING!$C$4,(SETTING!$C$4*SETTING!$C$5),(C164*SETTING!$C$5)))) -> 0 | E164: =IF(C164=0,0,IF(C164<SETTING!$C$3,(SETTING!$C$3*SETTING!$C$6),IF(C164>SETTING!$C$4,(SETTING!$C$4*SETTING!$C$6),(C164*SETTING!$C$6)))) -> 0 | F164: =D164+E164 -> 0
A165: =IF('TENAGA KERJA'!A164=0,"",'TENAGA KERJA'!A164) | B165: =IF('TENAGA KERJA'!B164=0,"",'TENAGA KERJA'!B164) | C165: =IF('TENAGA KERJA'!J164="Tidak",0,('TENAGA KERJA'!K164+'TENAGA KERJA'!L164)) -> 0 | D165: =IF(C165=0,0,IF(C165<SETTING!$C$3,(SETTING!$C$3*SETTING!$C$5),IF(C165>SETTING!$C$4,(SETTING!$C$4*SETTING!$C$5),(C165*SETTING!$C$5)))) -> 0 | E165: =IF(C165=0,0,IF(C165<SETTING!$C$3,(SETTING!$C$3*SETTING!$C$6),IF(C165>SETTING!$C$4,(SETTING!$C$4*SETTING!$C$6),(C165*SETTING!$C$6)))) -> 0 | F165: =D165+E165 -> 0
A166: =IF('TENAGA KERJA'!A165=0,"",'TENAGA KERJA'!A165) | B166: =IF('TENAGA KERJA'!B165=0,"",'TENAGA KERJA'!B165) | C166: =IF('TENAGA KERJA'!J165="Tidak",0,('TENAGA KERJA'!K165+'TENAGA KERJA'!L165)) -> 0 | D166: =IF(C166=0,0,IF(C166<SETTING!$C$3,(SETTING!$C$3*SETTING!$C$5),IF(C166>SETTING!$C$4,(SETTING!$C$4*SETTING!$C$5),(C166*SETTING!$C$5)))) -> 0 | E166: =IF(C166=0,0,IF(C166<SETTING!$C$3,(SETTING!$C$3*SETTING!$C$6),IF(C166>SETTING!$C$4,(SETTING!$C$4*SETTING!$C$6),(C166*SETTING!$C$6)))) -> 0 | F166: =D166+E166 -> 0
A167: =IF('TENAGA KERJA'!A166=0,"",'TENAGA KERJA'!A166) | B167: =IF('TENAGA KERJA'!B166=0,"",'TENAGA KERJA'!B166) | C167: =IF('TENAGA KERJA'!J166="Tidak",0,('TENAGA KERJA'!K166+'TENAGA KERJA'!L166)) -> 0 | D167: =IF(C167=0,0,IF(C167<SETTING!$C$3,(SETTING!$C$3*SETTING!$C$5),IF(C167>SETTING!$C$4,(SETTING!$C$4*SETTING!$C$5),(C167*SETTING!$C$5)))) -> 0 | E167: =IF(C167=0,0,IF(C167<SETTING!$C$3,(SETTING!$C$3*SETTING!$C$6),IF(C167>SETTING!$C$4,(SETTING!$C$4*SETTING!$C$6),(C167*SETTING!$C$6)))) -> 0 | F167: =D167+E167 -> 0
A168: =IF('TENAGA KERJA'!A167=0,"",'TENAGA KERJA'!A167) | B168: =IF('TENAGA KERJA'!B167=0,"",'TENAGA KERJA'!B167) | C168: =IF('TENAGA KERJA'!J167="Tidak",0,('TENAGA KERJA'!K167+'TENAGA KERJA'!L167))+1891337 -> 1891337 | D168: =IF(C168=0,0,IF(C168<SETTING!$C$3,(SETTING!$C$3*SETTING!$C$5),IF(C168>SETTING!$C$4,(SETTING!$C$4*SETTING!$C$5),(C168*SETTING!$C$5)))) -> 175653.48 | E168: =IF(C168=0,0,IF(C168<SETTING!$C$3,(SETTING!$C$3*SETTING!$C$6),IF(C168>SETTING!$C$4,(SETTING!$C$4*SETTING!$C$6),(C168*SETTING!$C$6)))) -> 43913.37 | F168: =D168+E168 -> 219566.85
A169: =IF('TENAGA KERJA'!A168=0,"",'TENAGA KERJA'!A168) | B169: =IF('TENAGA KERJA'!B168=0,"",'TENAGA KERJA'!B168) | C169: =IF('TENAGA KERJA'!J168="Tidak",0,('TENAGA KERJA'!K168+'TENAGA KERJA'!L168)) -> 0 | D169: =IF(C169=0,0,IF(C169<SETTING!$C$3,(SETTING!$C$3*SETTING!$C$5),IF(C169>SETTING!$C$4,(SETTING!$C$4*SETTING!$C$5),(C169*SETTING!$C$5)))) -> 0 | E169: =IF(C169=0,0,IF(C169<SETTING!$C$3,(SETTING!$C$3*SETTING!$C$6),IF(C169>SETTING!$C$4,(SETTING!$C$4*SETTING!$C$6),(C169*SETTING!$C$6)))) -> 0 | F169: =D169+E169 -> 0
A170: =IF('TENAGA KERJA'!A169=0,"",'TENAGA KERJA'!A169) | B170: =IF('TENAGA KERJA'!B169=0,"",'TENAGA KERJA'!B169) | C170: =IF('TENAGA KERJA'!J169="Tidak",0,('TENAGA KERJA'!K169+'TENAGA KERJA'!L169)) -> 0 | D170: =IF(C170=0,0,IF(C170<SETTING!$C$3,(SETTING!$C$3*SETTING!$C$5),IF(C170>SETTING!$C$4,(SETTING!$C$4*SETTING!$C$5),(C170*SETTING!$C$5)))) -> 0 | E170: =IF(C170=0,0,IF(C170<SETTING!$C$3,(SETTING!$C$3*SETTING!$C$6),IF(C170>SETTING!$C$4,(SETTING!$C$4*SETTING!$C$6),(C170*SETTING!$C$6)))) -> 0 | F170: =D170+E170 -> 0
...

Sheet PPH PSL 21 - GROSS (MULAI 2024)
A1: No | B1: Nama | C1: Gaji Pokok | D1: Tunjangan tetap | E1: lembur, THR. Bonus | F1: Natura, Dll | G1: Ditanggung Pemberi Kerja | J1: Jum. Penghasilan Bruto Bulanan | K1: Tarif Efektif | L1: PPh Psl 21 Terhutang
G2: JKK | H2: JKM | I2: BPJS Kesehatan
A3: =IF('TENAGA KERJA'!A2=0,"",'TENAGA KERJA'!A2) -> 1 | B3: =IF('TENAGA KERJA'!B2=0,"",'TENAGA KERJA'!B2) -> ABDUL HALIM | C3: ='TENAGA KERJA'!K2 -> 2961337 | D3: ='TENAGA KERJA'!L2 -> 1430000 | E3: ='TENAGA KERJA'!M2 -> 1154947 | F3: ='TENAGA KERJA'!N2 -> 1550000 | G3: ='BPJS TK'!D3 -> 39082.899 | H3: ='BPJS TK'!E3 -> 13174.011 | I3: ='BPJS KES'!D3 -> 175653.48 | J3: =SUM(C3:I3) -> 7324194.4 | K3: =IF('TENAGA KERJA'!H2="KATEGORI A",VLOOKUP(J3,'TER 2024'!$B$2:$E$45,4),IF('TENAGA KERJA'!H2="KATEGORI B",VLOOKUP(J3,'TER 2024'!$B$46:$E$85,4),IF('TENAGA KERJA'!H2="KATEGORI C",VLOOKUP(J3,'TER 2024'!$B$86:$E$126,4),0))) -> 0.005 | L3: =IF('TENAGA KERJA'!F2="NPWP",'PPH PSL 21 - GROSS (MULAI 2024)'!J3*K3,IF('TENAGA KERJA'!F2="NON-NPWP",'PPH PSL 21 - GROSS (MULAI 2024)'!J3*K3*120%,0)) -> 36620.972
A4: =IF('TENAGA KERJA'!A3=0,"",'TENAGA KERJA'!A3) -> 2 | B4: =IF('TENAGA KERJA'!B3=0,"",'TENAGA KERJA'!B3) -> SRI ASLINDA | C4: ='TENAGA KERJA'!K3 -> 2961337 | D4: ='TENAGA KERJA'!L3 -> 1430000 | E4: ='TENAGA KERJA'!M3 -> 300000 | F4: ='TENAGA KERJA'!N3 -> 1550000 | G4: ='BPJS TK'!D4 -> 39082.899 | H4: ='BPJS TK'!E4 -> 13174.011 | I4: ='BPJS KES'!D4 -> 175653.48 | J4: =SUM(C4:I4) -> 6469247.4 | K4: =IF('TENAGA KERJA'!H3="KATEGORI A",VLOOKUP(J4,'TER 2024'!$B$2:$E$45,4),IF('TENAGA KERJA'!H3="KATEGORI B",VLOOKUP(J4,'TER 2024'!$B$46:$E$85,4),IF('TENAGA KERJA'!H3="KATEGORI C",VLOOKUP(J4,'TER 2024'!$B$86:$E$126,4),0))) -> 0.01 | L4: =IF('TENAGA KERJA'!F3="NPWP",'PPH PSL 21 - GROSS (MULAI 2024)'!J4*K4,IF('TENAGA KERJA'!F3="NON-NPWP",'PPH PSL 21 - GROSS (MULAI 2024)'!J4*K4*120%,0)) -> 64692.474 | JQ4: `
A5: =IF('TENAGA KERJA'!A4=0,"",'TENAGA KERJA'!A4) -> 3 | B5: =IF('TENAGA KERJA'!B4=0,"",'TENAGA KERJA'!B4) -> RAFLY RAHMADAN GOBEL | C5: ='TENAGA KERJA'!K4 -> 2961337 | D5: ='TENAGA KERJA'!L4 -> 1430000 | E5: ='TENAGA KERJA'!M4 -> 1231097.4 | F5: ='TENAGA KERJA'!N4 -> 1550000 | G5: ='BPJS TK'!D5 -> 39082.899 | H5: ='BPJS TK'!E5 -> 13174.011 | I5: ='BPJS KES'!D5 -> 175653.48 | J5: =SUM(C5:I5) -> 7400344.8 | K5: =IF('TENAGA KERJA'!H4="KATEGORI A",VLOOKUP(J5,'TER 2024'!$B$2:$E$45,4),IF('TENAGA KERJA'!H4="KATEGORI B",VLOOKUP(J5,'TER 2024'!$B$46:$E$85,4),IF('TENAGA KERJA'!H4="KATEGORI C",VLOOKUP(J5,'TER 2024'!$B$86:$E$126,4),0))) -> 0.0125 | L5: =IF('TENAGA KERJA'!F4="NPWP",'PPH PSL 21 - GROSS (MULAI 2024)'!J5*K5,IF('TENAGA KERJA'!F4="NON-NPWP",'PPH PSL 21 - GROSS (MULAI 2024)'!J5*K5*120%,0)) -> 92504.309
A6: =IF('TENAGA KERJA'!A5=0,"",'TENAGA KERJA'!A5) -> 4 | B6: =IF('TENAGA KERJA'!B5=0,"",'TENAGA KERJA'!B5) -> RAHMAT HIDAYAT | C6: ='TENAGA KERJA'!K5 -> 2961337 | D6: ='TENAGA KERJA'!L5 -> 1430000 | E6: ='TENAGA KERJA'!M5 -> 1637232.6 | F6: ='TENAGA KERJA'!N5 -> 1550000 | G6: ='BPJS TK'!D6 -> 39082.899 | H6: ='BPJS TK'!E6 -> 13174.011 | I6: ='BPJS KES'!D6 -> 175653.48 | J6: =SUM(C6:I6) -> 7806480 | K6: =IF('TENAGA KERJA'!H5="KATEGORI A",VLOOKUP(J6,'TER 2024'!$B$2:$E$45,4),IF('TENAGA KERJA'!H5="KATEGORI B",VLOOKUP(J6,'TER 2024'!$B$46:$E$85,4),IF('TENAGA KERJA'!H5="KATEGORI C",VLOOKUP(J6,'TER 2024'!$B$86:$E$126,4),0))) -> 0.015 | L6: =IF('TENAGA KERJA'!F5="NPWP",'PPH PSL 21 - GROSS (MULAI 2024)'!J6*K6,IF('TENAGA KERJA'!F5="NON-NPWP",'PPH PSL 21 - GROSS (MULAI 2024)'!J6*K6*120%,0)) -> 117097.2
A7: =IF('TENAGA KERJA'!A6=0,"",'TENAGA KERJA'!A6) -> 5 | B7: =IF('TENAGA KERJA'!B6=0,"",'TENAGA KERJA'!B6) -> ARYABAYA SRIPATI | C7: ='TENAGA KERJA'!K6 -> 2961337 | D7: ='TENAGA KERJA'!L6 -> 1430000 | E7: ='TENAGA KERJA'!M6 -> 342676.59 | F7: ='TENAGA KERJA'!N6 -> 1550000 | G7: ='BPJS TK'!D7 -> 39082.899 | H7: ='BPJS TK'!E7 -> 13174.011 | I7: ='BPJS KES'!D7 -> 175653.48 | J7: =SUM(C7:I7) -> 6511924 | K7: =IF('TENAGA KERJA'!H6="KATEGORI A",VLOOKUP(J7,'TER 2024'!$B$2:$E$45,4),IF('TENAGA KERJA'!H6="KATEGORI B",VLOOKUP(J7,'TER 2024'!$B$46:$E$85,4),IF('TENAGA KERJA'!H6="KATEGORI C",VLOOKUP(J7,'TER 2024'!$B$86:$E$126,4),0))) -> 0.01 | L7: =IF('TENAGA KERJA'!F6="NPWP",'PPH PSL 21 - GROSS (MULAI 2024)'!J7*K7,IF('TENAGA KERJA'!F6="NON-NPWP",'PPH PSL 21 - GROSS (MULAI 2024)'!J7*K7*120%,0)) -> 65119.24
A8: =IF('TENAGA KERJA'!A7=0,"",'TENAGA KERJA'!A7) -> 6 | B8: =IF('TENAGA KERJA'!B7=0,"",'TENAGA KERJA'!B7) -> REZA NURHIDAYAT | C8: ='TENAGA KERJA'!K7 -> 2961337 | D8: ='TENAGA KERJA'!L7 -> 1430000 | E8: ='TENAGA KERJA'!M7 -> 850345.6 | F8: ='TENAGA KERJA'!N7 -> 1550000 | G8: ='BPJS TK'!D8 -> 39082.899 | H8: ='BPJS TK'!E8 -> 13174.011 | I8: ='BPJS KES'!D8 -> 175653.48 | J8: =SUM(C8:I8) -> 7019593 | K8: =IF('TENAGA KERJA'!H7="KATEGORI A",VLOOKUP(J8,'TER 2024'!$B$2:$E$45,4),IF('TENAGA KERJA'!H7="KATEGORI B",VLOOKUP(J8,'TER 2024'!$B$46:$E$85,4),IF('TENAGA KERJA'!H7="KATEGORI C",VLOOKUP(J8,'TER 2024'!$B$86:$E$126,4),0))) -> 0.0125 | L8: =IF('TENAGA KERJA'!F7="NPWP",'PPH PSL 21 - GROSS (MULAI 2024)'!J8*K8,IF('TENAGA KERJA'!F7="NON-NPWP",'PPH PSL 21 - GROSS (MULAI 2024)'!J8*K8*120%,0)) -> 87744.912
A9: =IF('TENAGA KERJA'!A8=0,"",'TENAGA KERJA'!A8) -> 7 | B9: =IF('TENAGA KERJA'!B8=0,"",'TENAGA KERJA'!B8) -> MUHAMMAD ANSHAR A | C9: ='TENAGA KERJA'!K8 -> 2961337 | D9: ='TENAGA KERJA'!L8 -> 1430000 | E9: ='TENAGA KERJA'!M8 -> 1091488.4 | F9: ='TENAGA KERJA'!N8 -> 1550000 | G9: ='BPJS TK'!D9 -> 39082.899 | H9: ='BPJS TK'!E9 -> 13174.011 | I9: ='BPJS KES'!D9 -> 175653.48 | J9: =SUM(C9:I9) -> 7260735.8 | K9: =IF('TENAGA KERJA'!H8="KATEGORI A",VLOOKUP(J9,'TER 2024'!$B$2:$E$45,4),IF('TENAGA KERJA'!H8="KATEGORI B",VLOOKUP(J9,'TER 2024'!$B$46:$E$85,4),IF('TENAGA KERJA'!H8="KATEGORI C",VLOOKUP(J9,'TER 2024'!$B$86:$E$126,4),0))) -> 0.0075 | L9: =IF('TENAGA KERJA'!F8="NPWP",'PPH PSL 21 - GROSS (MULAI 2024)'!J9*K9,IF('TENAGA KERJA'!F8="NON-NPWP",'PPH PSL 21 - GROSS (MULAI 2024)'!J9*K9*120%,0)) -> 54455.518
A10: =IF('TENAGA KERJA'!A9=0,"",'TENAGA KERJA'!A9) -> 8 | B10: =IF('TENAGA KERJA'!B9=0,"",'TENAGA KERJA'!B9) -> IKA JULITA | C10: ='TENAGA KERJA'!K9 -> 2961337 | D10: ='TENAGA KERJA'!L9 -> 1430000 | E10: ='TENAGA KERJA'!M9 -> 300000 | F10: ='TENAGA KERJA'!N9 -> 1550000 | G10: ='BPJS TK'!D10 -> 39082.899 | H10: ='BPJS TK'!E10 -> 13174.011 | I10: ='BPJS KES'!D10 -> 175653.48 | J10: =SUM(C10:I10) -> 6469247.4 | K10: =IF('TENAGA KERJA'!H9="KATEGORI A",VLOOKUP(J10,'TER 2024'!$B$2:$E$45,4),IF('TENAGA KERJA'!H9="KATEGORI B",VLOOKUP(J10,'TER 2024'!$B$46:$E$85,4),IF('TENAGA KERJA'!H9="KATEGORI C",VLOOKUP(J10,'TER 2024'!$B$86:$E$126,4),0))) -> 0.01 | L10: =IF('TENAGA KERJA'!F9="NPWP",'PPH PSL 21 - GROSS (MULAI 2024)'!J10*K10,IF('TENAGA KERJA'!F9="NON-NPWP",'PPH PSL 21 - GROSS (MULAI 2024)'!J10*K10*120%,0)) -> 64692.474
A11: =IF('TENAGA KERJA'!A10=0,"",'TENAGA KERJA'!A10) -> 9 | B11: =IF('TENAGA KERJA'!B10=0,"",'TENAGA KERJA'!B10) -> FAJAR SHADIQ HERNANDA | C11: ='TENAGA KERJA'!K10 -> 2961337 | D11: ='TENAGA KERJA'!L10 -> 1430000 | E11: ='TENAGA KERJA'!M10 -> 342676.59 | F11: ='TENAGA KERJA'!N10 -> 1550000 | G11: ='BPJS TK'!D11 -> 39082.899 | H11: ='BPJS TK'!E11 -> 13174.011 | I11: ='BPJS KES'!D11 -> 175653.48 | J11: =SUM(C11:I11) -> 6511924 | K11: =IF('TENAGA KERJA'!H10="KATEGORI A",VLOOKUP(J11,'TER 2024'!$B$2:$E$45,4),IF('TENAGA KERJA'!H10="KATEGORI B",VLOOKUP(J11,'TER 2024'!$B$46:$E$85,4),IF('TENAGA KERJA'!H10="KATEGORI C",VLOOKUP(J11,'TER 2024'!$B$86:$E$126,4),0))) -> 0.01 | L11: =IF('TENAGA KERJA'!F10="NPWP",'PPH PSL 21 - GROSS (MULAI 2024)'!J11*K11,IF('TENAGA KERJA'!F10="NON-NPWP",'PPH PSL 21 - GROSS (MULAI 2024)'!J11*K11*120%,0)) -> 65119.24
A12: =IF('TENAGA KERJA'!A11=0,"",'TENAGA KERJA'!A11) -> 10 | B12: =IF('TENAGA KERJA'!B11=0,"",'TENAGA KERJA'!B11) -> BAGUS DWI ARISTA | C12: ='TENAGA KERJA'!K11 -> 2961337 | D12: ='TENAGA KERJA'!L11 -> 1430000 | E12: ='TENAGA KERJA'!M11 -> 1472240.2 | F12: ='TENAGA KERJA'!N11 -> 1550000 | G12: ='BPJS TK'!D12 -> 39082.899 | H12: ='BPJS TK'!E12 -> 13174.011 | I12: ='BPJS KES'!D12 -> 175653.48 | J12: =SUM(C12:I12) -> 7641487.5 | K12: =IF('TENAGA KERJA'!H11="KATEGORI A",VLOOKUP(J12,'TER 2024'!$B$2:$E$45,4),IF('TENAGA KERJA'!H11="KATEGORI B",VLOOKUP(J12,'TER 2024'!$B$46:$E$85,4),IF('TENAGA KERJA'!H11="KATEGORI C",VLOOKUP(J12,'TER 2024'!$B$86:$E$126,4),0))) -> 0.015 | L12: =IF('TENAGA KERJA'!F11="NPWP",'PPH PSL 21 - GROSS (MULAI 2024)'!J12*K12,IF('TENAGA KERJA'!F11="NON-NPWP",'PPH PSL 21 - GROSS (MULAI 2024)'!J12*K12*120%,0)) -> 114622.31
A13: =IF('TENAGA KERJA'!A12=0,"",'TENAGA KERJA'!A12) -> 11 | B13: =IF('TENAGA KERJA'!B12=0,"",'TENAGA KERJA'!B12) -> SITI AISYAH | C13: ='TENAGA KERJA'!K12 -> 2961337 | D13: ='TENAGA KERJA'!L12 -> 1430000 | E13: ='TENAGA KERJA'!M12 -> 76150.353 | F13: ='TENAGA KERJA'!N12 -> 1550000 | G13: ='BPJS TK'!D13 -> 39082.899 | H13: ='BPJS TK'!E13 -> 13174.011 | I13: ='BPJS KES'!D13 -> 175653.48 | J13: =SUM(C13:I13) -> 6245397.7 | K13: =IF('TENAGA KERJA'!H12="KATEGORI A",VLOOKUP(J13,'TER 2024'!$B$2:$E$45,4),IF('TENAGA KERJA'!H12="KATEGORI B",VLOOKUP(J13,'TER 2024'!$B$46:$E$85,4),IF('TENAGA KERJA'!H12="KATEGORI C",VLOOKUP(J13,'TER 2024'!$B$86:$E$126,4),0))) -> 0.0075 | L13: =IF('TENAGA KERJA'!F12="NPWP",'PPH PSL 21 - GROSS (MULAI 2024)'!J13*K13,IF('TENAGA KERJA'!F12="NON-NPWP",'PPH PSL 21 - GROSS (MULAI 2024)'!J13*K13*120%,0)) -> 46840.483
A14: =IF('TENAGA KERJA'!A13=0,"",'TENAGA KERJA'!A13) -> 12 | B14: =IF('TENAGA KERJA'!B13=0,"",'TENAGA KERJA'!B13) -> YUDI BISMANTAKA | C14: ='TENAGA KERJA'!K13 -> 2961337 | D14: ='TENAGA KERJA'!L13 -> 1430000 | E14: ='TENAGA KERJA'!M13 -> 101533.8 | F14: ='TENAGA KERJA'!N13 -> 1550000 | G14: ='BPJS TK'!D14 -> 39082.899 | H14: ='BPJS TK'!E14 -> 13174.011 | I14: ='BPJS KES'!D14 -> 175653.48 | J14: =SUM(C14:I14) -> 6270781.2 | K14: =IF('TENAGA KERJA'!H13="KATEGORI A",VLOOKUP(J14,'TER 2024'!$B$2:$E$45,4),IF('TENAGA KERJA'!H13="KATEGORI B",VLOOKUP(J14,'TER 2024'!$B$46:$E$85,4),IF('TENAGA KERJA'!H13="KATEGORI C",VLOOKUP(J14,'TER 2024'!$B$86:$E$126,4),0))) -> 0.0075 | L14: =IF('TENAGA KERJA'!F13="NPWP",'PPH PSL 21 - GROSS (MULAI 2024)'!J14*K14,IF('TENAGA KERJA'!F13="NON-NPWP",'PPH PSL 21 - GROSS (MULAI 2024)'!J14*K14*120%,0)) -> 47030.859
A15: =IF('TENAGA KERJA'!A14=0,"",'TENAGA KERJA'!A14) -> 13 | B15: =IF('TENAGA KERJA'!B14=0,"",'TENAGA KERJA'!B14) -> WARDY | C15: ='TENAGA KERJA'!K14 -> 2961337 | D15: ='TENAGA KERJA'!L14 -> 1430000 | E15: ='TENAGA KERJA'!M14 -> 698044.9 | F15: ='TENAGA KERJA'!N14 -> 1550000 | G15: ='BPJS TK'!D15 -> 39082.899 | H15: ='BPJS TK'!E15 -> 13174.011 | I15: ='BPJS KES'!D15 -> 175653.48 | J15: =SUM(C15:I15) -> 6867292.3 | K15: =IF('TENAGA KERJA'!H14="KATEGORI A",VLOOKUP(J15,'TER 2024'!$B$2:$E$45,4),IF('TENAGA KERJA'!H14="KATEGORI B",VLOOKUP(J15,'TER 2024'!$B$46:$E$85,4),IF('TENAGA KERJA'!H14="KATEGORI C",VLOOKUP(J15,'TER 2024'!$B$86:$E$126,4),0))) -> 0.0125 | L15: =IF('TENAGA KERJA'!F14="NPWP",'PPH PSL 21 - GROSS (MULAI 2024)'!J15*K15,IF('TENAGA KERJA'!F14="NON-NPWP",'PPH PSL 21 - GROSS (MULAI 2024)'!J15*K15*120%,0)) -> 85841.154
A16: =IF('TENAGA KERJA'!A15=0,"",'TENAGA KERJA'!A15) -> 14 | B16: =IF('TENAGA KERJA'!B15=0,"",'TENAGA KERJA'!B15) -> HANDRI PANGESTU | C16: ='TENAGA KERJA'!K15 -> 2961337 | D16: ='TENAGA KERJA'!L15 -> 1430000 | E16: ='TENAGA KERJA'!M15 -> 418826.94 | F16: ='TENAGA KERJA'!N15 -> 1550000 | G16: ='BPJS TK'!D16 -> 39082.899 | H16: ='BPJS TK'!E16 -> 13174.011 | I16: ='BPJS KES'!D16 -> 175653.48 | J16: =SUM(C16:I16) -> 6588074.3 | K16: =IF('TENAGA KERJA'!H15="KATEGORI A",VLOOKUP(J16,'TER 2024'!$B$2:$E$45,4),IF('TENAGA KERJA'!H15="KATEGORI B",VLOOKUP(J16,'TER 2024'!$B$46:$E$85,4),IF('TENAGA KERJA'!H15="KATEGORI C",VLOOKUP(J16,'TER 2024'!$B$86:$E$126,4),0))) -> 0.01 | L16: =IF('TENAGA KERJA'!F15="NPWP",'PPH PSL 21 - GROSS (MULAI 2024)'!J16*K16,IF('TENAGA KERJA'!F15="NON-NPWP",'PPH PSL 21 - GROSS (MULAI 2024)'!J16*K16*120%,0)) -> 65880.743
... A97: =IF('TENAGA KERJA'!A96=0,"",'TENAGA KERJA'!A96) | B97: =IF('TENAGA KERJA'!B96=0,"",'TENAGA KERJA'!B96) | C97: ='TENAGA KERJA'!K96 -> 0 | D97: ='TENAGA KERJA'!L96 -> 0 | E97: ='TENAGA KERJA'!M96 -> 0 | F97: ='TENAGA KERJA'!N96 -> 0 | G97: ='BPJS TK'!D97 -> 0 | H97: ='BPJS TK'!E97 -> 0 | I97: ='BPJS KES'!D97 -> 0 | J97: =SUM(C97:I97) -> 0 | K97: =IF('TENAGA KERJA'!H96="KATEGORI A",VLOOKUP(J97,'TER 2024'!$B$2:$E$45,4),IF('TENAGA KERJA'!H96="KATEGORI B",VLOOKUP(J97,'TER 2024'!$B$46:$E$85,4),IF('TENAGA KERJA'!H96="KATEGORI C",VLOOKUP(J97,'TER 2024'!$B$86:$E$126,4),0))) -> 0 | L97: =IF('TENAGA KERJA'!F96="NPWP",'PPH PSL 21 - GROSS (MULAI 2024)'!J97*K97,IF('TENAGA KERJA'!F96="NON-NPWP",'PPH PSL 21 - GROSS (MULAI 2024)'!J97*K97*120%,0)) -> 0
A98: =IF('TENAGA KERJA'!A97=0,"",'TENAGA KERJA'!A97) | B98: =IF('TENAGA KERJA'!B97=0,"",'TENAGA KERJA'!B97) | C98: ='TENAGA KERJA'!K97 -> 0 | D98: ='TENAGA KERJA'!L97 -> 0 | E98: ='TENAGA KERJA'!M97 -> 0 | F98: ='TENAGA KERJA'!N97 -> 0 | G98: ='BPJS TK'!D98 -> 0 | H98: ='BPJS TK'!E98 -> 0 | I98: ='BPJS KES'!D98 -> 0 | J98: =SUM(C98:I98) -> 0 | K98: =IF('TENAGA KERJA'!H97="KATEGORI A",VLOOKUP(J98,'TER 2024'!$B$2:$E$45,4),IF('TENAGA KERJA'!H97="KATEGORI B",VLOOKUP(J98,'TER 2024'!$B$46:$E$85,4),IF('TENAGA KERJA'!H97="KATEGORI C",VLOOKUP(J98,'TER 2024'!$B$86:$E$126,4),0))) -> 0 | L98: =IF('TENAGA KERJA'!F97="NPWP",'PPH PSL 21 - GROSS (MULAI 2024)'!J98*K98,IF('TENAGA KERJA'!F97="NON-NPWP",'PPH PSL 21 - GROSS (MULAI 2024)'!J98*K98*120%,0)) -> 0 | M98: =SUM(L29:L99) -> 0
A99: =IF('TENAGA KERJA'!A98=0,"",'TENAGA KERJA'!A98) | B99: =IF('TENAGA KERJA'!B98=0,"",'TENAGA KERJA'!B98) | C99: ='TENAGA KERJA'!K98 -> 0 | D99: ='TENAGA KERJA'!L98 -> 0 | E99: ='TENAGA KERJA'!M98 -> 0 | F99: ='TENAGA KERJA'!N98 -> 0 | G99: ='BPJS TK'!D99 -> 16832.899 | H99: ='BPJS TK'!E99 -> 5674.011 | I99: ='BPJS KES'!D99 -> 175653.48 | J99: =SUM(C99:I99) -> 198160.39 | K99: =IF('TENAGA KERJA'!H98="KATEGORI A",VLOOKUP(J99,'TER 2024'!$B$2:$E$45,4),IF('TENAGA KERJA'!H98="KATEGORI B",VLOOKUP(J99,'TER 2024'!$B$46:$E$85,4),IF('TENAGA KERJA'!H98="KATEGORI C",VLOOKUP(J99,'TER 2024'!$B$86:$E$126,4),0))) -> 0 | L99: =IF('TENAGA KERJA'!F98="NPWP",'PPH PSL 21 - GROSS (MULAI 2024)'!J99*K99,IF('TENAGA KERJA'!F98="NON-NPWP",'PPH PSL 21 - GROSS (MULAI 2024)'!J99*K99*120%,0)) -> 0 | M99: 3552338.3
A100: =IF('TENAGA KERJA'!A99=0,"",'TENAGA KERJA'!A99) | B100: =IF('TENAGA KERJA'!B99=0,"",'TENAGA KERJA'!B99) | C100: ='TENAGA KERJA'!K99 -> 0 | D100: ='TENAGA KERJA'!L99 -> 0 | E100: ='TENAGA KERJA'!M99 -> 0 | F100: ='TENAGA KERJA'!N99 -> 0 | G100: ='BPJS TK'!D100 -> 0 | H100: ='BPJS TK'!E100 -> 0 | I100: ='BPJS KES'!D100 -> 0 | J100: =SUM(C100:I100) -> 0 | K100: =IF('TENAGA KERJA'!H99="KATEGORI A",VLOOKUP(J100,'TER 2024'!$B$2:$E$45,4),IF('TENAGA KERJA'!H99="KATEGORI B",VLOOKUP(J100,'TER 2024'!$B$46:$E$85,4),IF('TENAGA KERJA'!H99="KATEGORI C",VLOOKUP(J100,'TER 2024'!$B$86:$E$126,4),0))) -> 0 | L100: =IF('TENAGA KERJA'!F99="NPWP",'PPH PSL 21 - GROSS (MULAI 2024)'!J100*K100,IF('TENAGA KERJA'!F99="NON-NPWP",'PPH PSL 21 - GROSS (MULAI 2024)'!J100*K100*120%,0)) -> 0
A101: =IF('TENAGA KERJA'!A100=0,"",'TENAGA KERJA'!A100) | B101: =IF('TENAGA KERJA'!B100=0,"",'TENAGA KERJA'!B100) | C101: ='TENAGA KERJA'!K100 -> 0 | D101: ='TENAGA KERJA'!L100 -> 0 | E101: ='TENAGA KERJA'!M100 -> 0 | F101: ='TENAGA KERJA'!N100 -> 0 | G101: ='BPJS TK'!D101 -> 0 | H101: ='BPJS TK'!E101 -> 0 | I101: ='BPJS KES'!D101 -> 0 | J101: =SUM(C101:I101) -> 0 | K101: =IF('TENAGA KERJA'!H100="KATEGORI A",VLOOKUP(J101,'TER 2024'!$B$2:$E$45,4),IF('TENAGA KERJA'!H100="KATEGORI B",VLOOKUP(J101,'TER 2024'!$B$46:$E$85,4),IF('TENAGA KERJA'!H100="KATEGORI C",VLOOKUP(J101,'TER 2024'!$B$86:$E$126,4),0))) -> 0 | L101: =IF('TENAGA KERJA'!F100="NPWP",'PPH PSL 21 - GROSS (MULAI 2024)'!J101*K101,IF('TENAGA KERJA'!F100="NON-NPWP",'PPH PSL 21 - GROSS (MULAI 2024)'!J101*K101*120%,0)) -> 0
A102: =IF('TENAGA KERJA'!A101=0,"",'TENAGA KERJA'!A101) | B102: =IF('TENAGA KERJA'!B101=0,"",'TENAGA KERJA'!B101) | C102: ='TENAGA KERJA'!K101 -> 0 | D102: ='TENAGA KERJA'!L101 -> 0 | E102: ='TENAGA KERJA'!M101 -> 0 | F102: ='TENAGA KERJA'!N101 -> 0 | G102: ='BPJS TK'!D102 -> 0 | H102: ='BPJS TK'!E102 -> 0 | I102: ='BPJS KES'!D102 -> 0 | J102: =SUM(C102:I102) -> 0 | K102: =IF('TENAGA KERJA'!H101="KATEGORI A",VLOOKUP(J102,'TER 2024'!$B$2:$E$45,4),IF('TENAGA KERJA'!H101="KATEGORI B",VLOOKUP(J102,'TER 2024'!$B$46:$E$85,4),IF('TENAGA KERJA'!H101="KATEGORI C",VLOOKUP(J102,'TER 2024'!$B$86:$E$126,4),0))) -> 0 | L102: =IF('TENAGA KERJA'!F101="NPWP",'PPH PSL 21 - GROSS (MULAI 2024)'!J102*K102,IF('TENAGA KERJA'!F101="NON-NPWP",'PPH PSL 21 - GROSS (MULAI 2024)'!J102*K102*120%,0)) -> 0
A103: =IF('TENAGA KERJA'!A102=0,"",'TENAGA KERJA'!A102) | B103: =IF('TENAGA KERJA'!B102=0,"",'TENAGA KERJA'!B102) | C103: ='TENAGA KERJA'!K102 -> 0 | D103: ='TENAGA KERJA'!L102 -> 0 | E103: ='TENAGA KERJA'!M102 -> 0 | F103: ='TENAGA KERJA'!N102 -> 0 | G103: ='BPJS TK'!D103 -> 0 | H103: ='BPJS TK'!E103 -> 0 | I103: ='BPJS KES'!D103 -> 0 | J103: =SUM(C103:I103) -> 0 | K103: =IF('TENAGA KERJA'!H102="KATEGORI A",VLOOKUP(J103,'TER 2024'!$B$2:$E$45,4),IF('TENAGA KERJA'!H102="KATEGORI B",VLOOKUP(J103,'TER 2024'!$B$46:$E$85,4),IF('TENAGA KERJA'!H102="KATEGORI C",VLOOKUP(J103,'TER 2024'!$B$86:$E$126,4),0))) -> 0 | L103: =IF('TENAGA KERJA'!F102="NPWP",'PPH PSL 21 - GROSS (MULAI 2024)'!J103*K103,IF('TENAGA KERJA'!F102="NON-NPWP",'PPH PSL 21 - GROSS (MULAI 2024)'!J103*K103*120%,0)) -> 0
A104: =IF('TENAGA KERJA'!A103=0,"",'TENAGA KERJA'!A103) | B104: =IF('TENAGA KERJA'!B103=0,"",'TENAGA KERJA'!B103) | C104: ='TENAGA KERJA'!K103 -> 0 | D104: ='TENAGA KERJA'!L103 -> 0 | E104: ='TENAGA KERJA'!M103 -> 0 | F104: ='TENAGA KERJA'!N103 -> 0 | G104: ='BPJS TK'!D104 -> 0 | H104: ='BPJS TK'!E104 -> 0 | I104: ='BPJS KES'!D104 -> 0 | J104: =SUM(C104:I104) -> 0 | K104: =IF('TENAGA KERJA'!H103="KATEGORI A",VLOOKUP(J104,'TER 2024'!$B$2:$E$45,4),IF('TENAGA KERJA'!H103="KATEGORI B",VLOOKUP(J104,'TER 2024'!$B$46:$E$85,4),IF('TENAGA KERJA'!H103="KATEGORI C",VLOOKUP(J104,'TER 2024'!$B$86:$E$126,4),0))) -> 0 | L104: =IF('TENAGA KERJA'!F103="NPWP",'PPH PSL 21 - GROSS (MULAI 2024)'!J104*K104,IF('TENAGA KERJA'!F103="NON-NPWP",'PPH PSL 21 - GROSS (MULAI 2024)'!J104*K104*120%,0)) -> 0
A105: =IF('TENAGA KERJA'!A104=0,"",'TENAGA KERJA'!A104) | B105: =IF('TENAGA KERJA'!B104=0,"",'TENAGA KERJA'!B104) | C105: ='TENAGA KERJA'!K104 -> 0 | D105: ='TENAGA KERJA'!L104 -> 0 | E105: ='TENAGA KERJA'!M104 -> 0 | F105: ='TENAGA KERJA'!N104 -> 0 | G105: ='BPJS TK'!D105 -> 0 | H105: ='BPJS TK'!E105 -> 0 | I105: ='BPJS KES'!D105 -> 0 | J105: =SUM(C105:I105) -> 0 | K105: =IF('TENAGA KERJA'!H104="KATEGORI A",VLOOKUP(J105,'TER 2024'!$B$2:$E$45,4),IF('TENAGA KERJA'!H104="KATEGORI B",VLOOKUP(J105,'TER 2024'!$B$46:$E$85,4),IF('TENAGA KERJA'!H104="KATEGORI C",VLOOKUP(J105,'TER 2024'!$B$86:$E$126,4),0))) -> 0 | L105: =IF('TENAGA KERJA'!F104="NPWP",'PPH PSL 21 - GROSS (MULAI 2024)'!J105*K105,IF('TENAGA KERJA'!F104="NON-NPWP",'PPH PSL 21 - GROSS (MULAI 2024)'!J105*K105*120%,0)) -> 0
A106: =IF('TENAGA KERJA'!A105=0,"",'TENAGA KERJA'!A105) | B106: =IF('TENAGA KERJA'!B105=0,"",'TENAGA KERJA'!B105) | C106: ='TENAGA KERJA'!K105 -> 0 | D106: ='TENAGA KERJA'!L105 -> 0 | E106: ='TENAGA KERJA'!M105 -> 0 | F106: ='TENAGA KERJA'!N105 -> 0 | G106: ='BPJS TK'!D106 -> 0 | H106: ='BPJS TK'!E106 -> 0 | I106: ='BPJS KES'!D106 -> 0 | J106: =SUM(C106:I106) -> 0 | K106: =IF('TENAGA KERJA'!H105="KATEGORI A",VLOOKUP(J106,'TER 2024'!$B$2:$E$45,4),IF('TENAGA KERJA'!H105="KATEGORI B",VLOOKUP(J106,'TER 2024'!$B$46:$E$85,4),IF('TENAGA KERJA'!H105="KATEGORI C",VLOOKUP(J106,'TER 2024'!$B$86:$E$126,4),0))) -> 0 | L106: =IF('TENAGA KERJA'!F105="NPWP",'PPH PSL 21 - GROSS (MULAI 2024)'!J106*K106,IF('TENAGA KERJA'!F105="NON-NPWP",'PPH PSL 21 - GROSS (MULAI 2024)'!J106*K106*120%,0)) -> 0
A107: =IF('TENAGA KERJA'!A106=0,"",'TENAGA KERJA'!A106) | B107: =IF('TENAGA KERJA'!B106=0,"",'TENAGA KERJA'!B106) | C107: ='TENAGA KERJA'!K106 -> 0 | D107: ='TENAGA KERJA'!L106 -> 0 | E107: ='TENAGA KERJA'!M106 -> 0 | F107: ='TENAGA KERJA'!N106 -> 0 | G107: ='BPJS TK'!D107 -> 0 | H107: ='BPJS TK'!E107 -> 0 | I107: ='BPJS KES'!D107 -> 0 | J107: =SUM(C107:I107) -> 0 | K107: =IF('TENAGA KERJA'!H106="KATEGORI A",VLOOKUP(J107,'TER 2024'!$B$2:$E$45,4),IF('TENAGA KERJA'!H106="KATEGORI B",VLOOKUP(J107,'TER 2024'!$B$46:$E$85,4),IF('TENAGA KERJA'!H106="KATEGORI C",VLOOKUP(J107,'TER 2024'!$B$86:$E$126,4),0))) -> 0 | L107: =IF('TENAGA KERJA'!F106="NPWP",'PPH PSL 21 - GROSS (MULAI 2024)'!J107*K107,IF('TENAGA KERJA'!F106="NON-NPWP",'PPH PSL 21 - GROSS (MULAI 2024)'!J107*K107*120%,0)) -> 0
A108: =IF('TENAGA KERJA'!A107=0,"",'TENAGA KERJA'!A107) | B108: =IF('TENAGA KERJA'!B107=0,"",'TENAGA KERJA'!B107) | C108: ='TENAGA KERJA'!K107 -> 0 | D108: ='TENAGA KERJA'!L107 -> 0 | E108: ='TENAGA KERJA'!M107 -> 0 | F108: ='TENAGA KERJA'!N107 -> 0 | G108: ='BPJS TK'!D108 -> 0 | H108: ='BPJS TK'!E108 -> 0 | I108: ='BPJS KES'!D108 -> 0 | J108: =SUM(C108:I108) -> 0 | K108: =IF('TENAGA KERJA'!H107="KATEGORI A",VLOOKUP(J108,'TER 2024'!$B$2:$E$45,4),IF('TENAGA KERJA'!H107="KATEGORI B",VLOOKUP(J108,'TER 2024'!$B$46:$E$85,4),IF('TENAGA KERJA'!H107="KATEGORI C",VLOOKUP(J108,'TER 2024'!$B$86:$E$126,4),0))) -> 0 | L108: =IF('TENAGA KERJA'!F107="NPWP",'PPH PSL 21 - GROSS (MULAI 2024)'!J108*K108,IF('TENAGA KERJA'!F107="NON-NPWP",'PPH PSL 21 - GROSS (MULAI 2024)'!J108*K108*120%,0)) -> 0
A109: =IF('TENAGA KERJA'!A108=0,"",'TENAGA KERJA'!A108) | B109: =IF('TENAGA KERJA'!B108=0,"",'TENAGA KERJA'!B108) | C109: ='TENAGA KERJA'!K108 -> 0 | D109: ='TENAGA KERJA'!L108 -> 0 | E109: ='TENAGA KERJA'!M108 -> 0 | F109: ='TENAGA KERJA'!N108 -> 0 | G109: ='BPJS TK'!D109 -> 0 | H109: ='BPJS TK'!E109 -> 0 | I109: ='BPJS KES'!D109 -> 0 | J109: =SUM(C109:I109) -> 0 | K109: =IF('TENAGA KERJA'!H108="KATEGORI A",VLOOKUP(J109,'TER 2024'!$B$2:$E$45,4),IF('TENAGA KERJA'!H108="KATEGORI B",VLOOKUP(J109,'TER 2024'!$B$46:$E$85,4),IF('TENAGA KERJA'!H108="KATEGORI C",VLOOKUP(J109,'TER 2024'!$B$86:$E$126,4),0))) -> 0 | L109: =IF('TENAGA KERJA'!F108="NPWP",'PPH PSL 21 - GROSS (MULAI 2024)'!J109*K109,IF('TENAGA KERJA'!F108="NON-NPWP",'PPH PSL 21 - GROSS (MULAI 2024)'!J109*K109*120%,0)) -> 0
A110: =IF('TENAGA KERJA'!A109=0,"",'TENAGA KERJA'!A109) | B110: =IF('TENAGA KERJA'!B109=0,"",'TENAGA KERJA'!B109) | C110: ='TENAGA KERJA'!K109 -> 0 | D110: ='TENAGA KERJA'!L109 -> 0 | E110: ='TENAGA KERJA'!M109 -> 0 | F110: ='TENAGA KERJA'!N109 -> 0 | G110: ='BPJS TK'!D110 -> 0 | H110: ='BPJS TK'!E110 -> 0 | I110: ='BPJS KES'!D110 -> 0 | J110: =SUM(C110:I110) -> 0 | K110: =IF('TENAGA KERJA'!H109="KATEGORI A",VLOOKUP(J110,'TER 2024'!$B$2:$E$45,4),IF('TENAGA KERJA'!H109="KATEGORI B",VLOOKUP(J110,'TER 2024'!$B$46:$E$85,4),IF('TENAGA KERJA'!H109="KATEGORI C",VLOOKUP(J110,'TER 2024'!$B$86:$E$126,4),0))) -> 0 | L110: =IF('TENAGA KERJA'!F109="NPWP",'PPH PSL 21 - GROSS (MULAI 2024)'!J110*K110,IF('TENAGA KERJA'!F109="NON-NPWP",'PPH PSL 21 - GROSS (MULAI 2024)'!J110*K110*120%,0)) -> 0
A111: =IF('TENAGA KERJA'!A110=0,"",'TENAGA KERJA'!A110) | B111: =IF('TENAGA KERJA'!B110=0,"",'TENAGA KERJA'!B110) | C111: ='TENAGA KERJA'!K110 -> 0 | D111: ='TENAGA KERJA'!L110 -> 0 | E111: ='TENAGA KERJA'!M110 -> 0 | F111: ='TENAGA KERJA'!N110 -> 0 | G111: ='BPJS TK'!D111 -> 0 | H111: ='BPJS TK'!E111 -> 0 | I111: ='BPJS KES'!D111 -> 0 | J111: =SUM(C111:I111) -> 0 | K111: =IF('TENAGA KERJA'!H110="KATEGORI A",VLOOKUP(J111,'TER 2024'!$B$2:$E$45,4),IF('TENAGA KERJA'!H110="KATEGORI B",VLOOKUP(J111,'TER 2024'!$B$46:$E$85,4),IF('TENAGA KERJA'!H110="KATEGORI C",VLOOKUP(J111,'TER 2024'!$B$86:$E$126,4),0))) -> 0 | L111: =IF('TENAGA KERJA'!F110="NPWP",'PPH PSL 21 - GROSS (MULAI 2024)'!J111*K111,IF('TENAGA KERJA'!F110="NON-NPWP",'PPH PSL 21 - GROSS (MULAI 2024)'!J111*K111*120%,0)) -> 0
... A129: =IF('TENAGA KERJA'!A128=0,"",'TENAGA KERJA'!A128) | B129: =IF('TENAGA KERJA'!B128=0,"",'TENAGA KERJA'!B128) | C129: ='TENAGA KERJA'!K128 -> 0 | D129: ='TENAGA KERJA'!L128 -> 0 | E129: ='TENAGA KERJA'!M128 -> 0 | F129: ='TENAGA KERJA'!N128 -> 0 | G129: ='BPJS TK'!D129 -> 0 | H129: ='BPJS TK'!E129 -> 0 | I129: ='BPJS KES'!D129 -> 0 | J129: =SUM(C129:I129) -> 0 | K129: =IF('TENAGA KERJA'!H128="KATEGORI A",VLOOKUP(J129,'TER 2024'!$B$2:$E$45,4),IF('TENAGA KERJA'!H128="KATEGORI B",VLOOKUP(J129,'TER 2024'!$B$46:$E$85,4),IF('TENAGA KERJA'!H128="KATEGORI C",VLOOKUP(J129,'TER 2024'!$B$86:$E$126,4),0))) -> 0 | L129: =IF('TENAGA KERJA'!F128="NPWP",'PPH PSL 21 - GROSS (MULAI 2024)'!J129*K129,IF('TENAGA KERJA'!F128="NON-NPWP",'PPH PSL 21 - GROSS (MULAI 2024)'!J129*K129*120%,0)) -> 0
A130: =IF('TENAGA KERJA'!A129=0,"",'TENAGA KERJA'!A129) | B130: =IF('TENAGA KERJA'!B129=0,"",'TENAGA KERJA'!B129) | C130: ='TENAGA KERJA'!K129 -> 0 | D130: ='TENAGA KERJA'!L129 -> 0 | E130: ='TENAGA KERJA'!M129 -> 0 | F130: ='TENAGA KERJA'!N129 -> 0 | G130: ='BPJS TK'!D130 -> 0 | H130: ='BPJS TK'!E130 -> 0 | I130: ='BPJS KES'!D130 -> 0 | J130: =SUM(C130:I130) -> 0 | K130: =IF('TENAGA KERJA'!H129="KATEGORI A",VLOOKUP(J130,'TER 2024'!$B$2:$E$45,4),IF('TENAGA KERJA'!H129="KATEGORI B",VLOOKUP(J130,'TER 2024'!$B$46:$E$85,4),IF('TENAGA KERJA'!H129="KATEGORI C",VLOOKUP(J130,'TER 2024'!$B$86:$E$126,4),0))) -> 0 | L130: =IF('TENAGA KERJA'!F129="NPWP",'PPH PSL 21 - GROSS (MULAI 2024)'!J130*K130,IF('TENAGA KERJA'!F129="NON-NPWP",'PPH PSL 21 - GROSS (MULAI 2024)'!J130*K130*120%,0)) -> 0 | M130: 1801157.1
A131: =IF('TENAGA KERJA'!A130=0,"",'TENAGA KERJA'!A130) | B131: =IF('TENAGA KERJA'!B130=0,"",'TENAGA KERJA'!B130) | C131: ='TENAGA KERJA'!K130 -> 0 | D131: ='TENAGA KERJA'!L130 -> 0 | E131: ='TENAGA KERJA'!M130 -> 0 | F131: ='TENAGA KERJA'!N130 -> 0 | G131: ='BPJS TK'!D131 -> 16832.899 | H131: ='BPJS TK'!E131 -> 5674.011 | I131: ='BPJS KES'!D131 -> 175653.48 | J131: =SUM(C131:I131) -> 198160.39 | K131: =IF('TENAGA KERJA'!H130="KATEGORI A",VLOOKUP(J131,'TER 2024'!$B$2:$E$45,4),IF('TENAGA KERJA'!H130="KATEGORI B",VLOOKUP(J131,'TER 2024'!$B$46:$E$85,4),IF('TENAGA KERJA'!H130="KATEGORI C",VLOOKUP(J131,'TER 2024'!$B$86:$E$126,4),0))) -> 0 | L131: =IF('TENAGA KERJA'!F130="NPWP",'PPH PSL 21 - GROSS (MULAI 2024)'!J131*K131,IF('TENAGA KERJA'!F130="NON-NPWP",'PPH PSL 21 - GROSS (MULAI 2024)'!J131*K131*120%,0)) -> 0
A132: =IF('TENAGA KERJA'!A131=0,"",'TENAGA KERJA'!A131) | B132: =IF('TENAGA KERJA'!B131=0,"",'TENAGA KERJA'!B131) | C132: ='TENAGA KERJA'!K131 -> 0 | D132: ='TENAGA KERJA'!L131 -> 0 | E132: ='TENAGA KERJA'!M131 -> 0 | F132: ='TENAGA KERJA'!N131 -> 0 | G132: ='BPJS TK'!D132 -> 0 | H132: ='BPJS TK'!E132 -> 0 | I132: ='BPJS KES'!D132 -> 0 | J132: =SUM(C132:I132) -> 0 | K132: =IF('TENAGA KERJA'!H131="KATEGORI A",VLOOKUP(J132,'TER 2024'!$B$2:$E$45,4),IF('TENAGA KERJA'!H131="KATEGORI B",VLOOKUP(J132,'TER 2024'!$B$46:$E$85,4),IF('TENAGA KERJA'!H131="KATEGORI C",VLOOKUP(J132,'TER 2024'!$B$86:$E$126,4),0))) -> 0 | L132: =IF('TENAGA KERJA'!F131="NPWP",'PPH PSL 21 - GROSS (MULAI 2024)'!J132*K132,IF('TENAGA KERJA'!F131="NON-NPWP",'PPH PSL 21 - GROSS (MULAI 2024)'!J132*K132*120%,0)) -> 0
A133: =IF('TENAGA KERJA'!A132=0,"",'TENAGA KERJA'!A132) | B133: =IF('TENAGA KERJA'!B132=0,"",'TENAGA KERJA'!B132) | C133: ='TENAGA KERJA'!K132 -> 0 | D133: ='TENAGA KERJA'!L132 -> 0 | E133: ='TENAGA KERJA'!M132 -> 0 | F133: ='TENAGA KERJA'!N132 -> 0 | G133: ='BPJS TK'!D133 -> 0 | H133: ='BPJS TK'!E133 -> 0 | I133: ='BPJS KES'!D133 -> 0 | J133: =SUM(C133:I133) -> 0 | K133: =IF('TENAGA KERJA'!H132="KATEGORI A",VLOOKUP(J133,'TER 2024'!$B$2:$E$45,4),IF('TENAGA KERJA'!H132="KATEGORI B",VLOOKUP(J133,'TER 2024'!$B$46:$E$85,4),IF('TENAGA KERJA'!H132="KATEGORI C",VLOOKUP(J133,'TER 2024'!$B$86:$E$126,4),0))) -> 0 | L133: =IF('TENAGA KERJA'!F132="NPWP",'PPH PSL 21 - GROSS (MULAI 2024)'!J133*K133,IF('TENAGA KERJA'!F132="NON-NPWP",'PPH PSL 21 - GROSS (MULAI 2024)'!J133*K133*120%,0)) -> 0
A134: =IF('TENAGA KERJA'!A133=0,"",'TENAGA KERJA'!A133) | B134: =IF('TENAGA KERJA'!B133=0,"",'TENAGA KERJA'!B133) | C134: ='TENAGA KERJA'!K133 -> 0 | D134: ='TENAGA KERJA'!L133 -> 0 | E134: ='TENAGA KERJA'!M133 -> 0 | F134: ='TENAGA KERJA'!N133 -> 0 | G134: ='BPJS TK'!D134 -> 0 | H134: ='BPJS TK'!E134 -> 0 | I134: ='BPJS KES'!D134 -> 0 | J134: =SUM(C134:I134) -> 0 | K134: =IF('TENAGA KERJA'!H133="KATEGORI A",VLOOKUP(J134,'TER 2024'!$B$2:$E$45,4),IF('TENAGA KERJA'!H133="KATEGORI B",VLOOKUP(J134,'TER 2024'!$B$46:$E$85,4),IF('TENAGA KERJA'!H133="KATEGORI C",VLOOKUP(J134,'TER 2024'!$B$86:$E$126,4),0))) -> 0 | L134: =IF('TENAGA KERJA'!F133="NPWP",'PPH PSL 21 - GROSS (MULAI 2024)'!J134*K134,IF('TENAGA KERJA'!F133="NON-NPWP",'PPH PSL 21 - GROSS (MULAI 2024)'!J134*K134*120%,0)) -> 0
A135: =IF('TENAGA KERJA'!A134=0,"",'TENAGA KERJA'!A134) | B135: =IF('TENAGA KERJA'!B134=0,"",'TENAGA KERJA'!B134) | C135: ='TENAGA KERJA'!K134 -> 0 | D135: ='TENAGA KERJA'!L134 -> 0 | E135: ='TENAGA KERJA'!M134 -> 0 | F135: ='TENAGA KERJA'!N134 -> 0 | G135: ='BPJS TK'!D135 -> 0 | H135: ='BPJS TK'!E135 -> 0 | I135: ='BPJS KES'!D135 -> 0 | J135: =SUM(C135:I135) -> 0 | K135: =IF('TENAGA KERJA'!H134="KATEGORI A",VLOOKUP(J135,'TER 2024'!$B$2:$E$45,4),IF('TENAGA KERJA'!H134="KATEGORI B",VLOOKUP(J135,'TER 2024'!$B$46:$E$85,4),IF('TENAGA KERJA'!H134="KATEGORI C",VLOOKUP(J135,'TER 2024'!$B$86:$E$126,4),0))) -> 0 | L135: =IF('TENAGA KERJA'!F134="NPWP",'PPH PSL 21 - GROSS (MULAI 2024)'!J135*K135,IF('TENAGA KERJA'!F134="NON-NPWP",'PPH PSL 21 - GROSS (MULAI 2024)'!J135*K135*120%,0)) -> 0
A136: =IF('TENAGA KERJA'!A135=0,"",'TENAGA KERJA'!A135) | B136: =IF('TENAGA KERJA'!B135=0,"",'TENAGA KERJA'!B135) | C136: ='TENAGA KERJA'!K135 -> 0 | D136: ='TENAGA KERJA'!L135 -> 0 | E136: ='TENAGA KERJA'!M135 -> 0 | F136: ='TENAGA KERJA'!N135 -> 0 | G136: ='BPJS TK'!D136 -> 0 | H136: ='BPJS TK'!E136 -> 0 | I136: ='BPJS KES'!D136 -> 0 | J136: =SUM(C136:I136) -> 0 | K136: =IF('TENAGA KERJA'!H135="KATEGORI A",VLOOKUP(J136,'TER 2024'!$B$2:$E$45,4),IF('TENAGA KERJA'!H135="KATEGORI B",VLOOKUP(J136,'TER 2024'!$B$46:$E$85,4),IF('TENAGA KERJA'!H135="KATEGORI C",VLOOKUP(J136,'TER 2024'!$B$86:$E$126,4),0))) -> 0 | L136: =IF('TENAGA KERJA'!F135="NPWP",'PPH PSL 21 - GROSS (MULAI 2024)'!J136*K136,IF('TENAGA KERJA'!F135="NON-NPWP",'PPH PSL 21 - GROSS (MULAI 2024)'!J136*K136*120%,0)) -> 0
A137: =IF('TENAGA KERJA'!A136=0,"",'TENAGA KERJA'!A136) | B137: =IF('TENAGA KERJA'!B136=0,"",'TENAGA KERJA'!B136) | C137: ='TENAGA KERJA'!K136 -> 0 | D137: ='TENAGA KERJA'!L136 -> 0 | E137: ='TENAGA KERJA'!M136 -> 0 | F137: ='TENAGA KERJA'!N136 -> 0 | G137: ='BPJS TK'!D137 -> 0 | H137: ='BPJS TK'!E137 -> 0 | I137: ='BPJS KES'!D137 -> 0 | J137: =SUM(C137:I137) -> 0 | K137: =IF('TENAGA KERJA'!H136="KATEGORI A",VLOOKUP(J137,'TER 2024'!$B$2:$E$45,4),IF('TENAGA KERJA'!H136="KATEGORI B",VLOOKUP(J137,'TER 2024'!$B$46:$E$85,4),IF('TENAGA KERJA'!H136="KATEGORI C",VLOOKUP(J137,'TER 2024'!$B$86:$E$126,4),0))) -> 0 | L137: =IF('TENAGA KERJA'!F136="NPWP",'PPH PSL 21 - GROSS (MULAI 2024)'!J137*K137,IF('TENAGA KERJA'!F136="NON-NPWP",'PPH PSL 21 - GROSS (MULAI 2024)'!J137*K137*120%,0)) -> 0 | M137: 2908443.4
A138: =IF('TENAGA KERJA'!A137=0,"",'TENAGA KERJA'!A137) | B138: =IF('TENAGA KERJA'!B137=0,"",'TENAGA KERJA'!B137) | C138: ='TENAGA KERJA'!K137 -> 0 | D138: ='TENAGA KERJA'!L137 -> 0 | E138: ='TENAGA KERJA'!M137 -> 0 | F138: ='TENAGA KERJA'!N137 -> 0 | G138: ='BPJS TK'!D138 -> 0 | H138: ='BPJS TK'!E138 -> 0 | I138: ='BPJS KES'!D138 -> 0 | J138: =SUM(C138:I138) -> 0 | K138: =IF('TENAGA KERJA'!H137="KATEGORI A",VLOOKUP(J138,'TER 2024'!$B$2:$E$45,4),IF('TENAGA KERJA'!H137="KATEGORI B",VLOOKUP(J138,'TER 2024'!$B$46:$E$85,4),IF('TENAGA KERJA'!H137="KATEGORI C",VLOOKUP(J138,'TER 2024'!$B$86:$E$126,4),0))) -> 0 | L138: =IF('TENAGA KERJA'!F137="NPWP",'PPH PSL 21 - GROSS (MULAI 2024)'!J138*K138,IF('TENAGA KERJA'!F137="NON-NPWP",'PPH PSL 21 - GROSS (MULAI 2024)'!J138*K138*120%,0)) -> 0 | M138: =SUM(L102:L137) -> 0
A139: =IF('TENAGA KERJA'!A138=0,"",'TENAGA KERJA'!A138) | B139: =IF('TENAGA KERJA'!B138=0,"",'TENAGA KERJA'!B138) | C139: ='TENAGA KERJA'!K138 -> 0 | D139: ='TENAGA KERJA'!L138 -> 0 | E139: ='TENAGA KERJA'!M138 -> 0 | F139: ='TENAGA KERJA'!N138 -> 0 | G139: ='BPJS TK'!D139 -> 0 | H139: ='BPJS TK'!E139 -> 0 | I139: ='BPJS KES'!D139 -> 0 | J139: =SUM(C139:I139) -> 0 | K139: =IF('TENAGA KERJA'!H138="KATEGORI A",VLOOKUP(J139,'TER 2024'!$B$2:$E$45,4),IF('TENAGA KERJA'!H138="KATEGORI B",VLOOKUP(J139,'TER 2024'!$B$46:$E$85,4),IF('TENAGA KERJA'!H138="KATEGORI C",VLOOKUP(J139,'TER 2024'!$B$86:$E$126,4),0))) -> 0 | L139: =IF('TENAGA KERJA'!F138="NPWP",'PPH PSL 21 - GROSS (MULAI 2024)'!J139*K139,IF('TENAGA KERJA'!F138="NON-NPWP",'PPH PSL 21 - GROSS (MULAI 2024)'!J139*K139*120%,0)) -> 0
A140: =IF('TENAGA KERJA'!A139=0,"",'TENAGA KERJA'!A139) | B140: =IF('TENAGA KERJA'!B139=0,"",'TENAGA KERJA'!B139) | C140: ='TENAGA KERJA'!K139 -> 0 | D140: ='TENAGA KERJA'!L139 -> 0 | E140: ='TENAGA KERJA'!M139 -> 0 | F140: ='TENAGA KERJA'!N139 -> 0 | G140: ='BPJS TK'!D140 -> 0 | H140: ='BPJS TK'!E140 -> 0 | I140: ='BPJS KES'!D140 -> 0 | J140: =SUM(C140:I140) -> 0 | K140: =IF('TENAGA KERJA'!H139="KATEGORI A",VLOOKUP(J140,'TER 2024'!$B$2:$E$45,4),IF('TENAGA KERJA'!H139="KATEGORI B",VLOOKUP(J140,'TER 2024'!$B$46:$E$85,4),IF('TENAGA KERJA'!H139="KATEGORI C",VLOOKUP(J140,'TER 2024'!$B$86:$E$126,4),0))) -> 0 | L140: =IF('TENAGA KERJA'!F139="NPWP",'PPH PSL 21 - GROSS (MULAI 2024)'!J140*K140,IF('TENAGA KERJA'!F139="NON-NPWP",'PPH PSL 21 - GROSS (MULAI 2024)'!J140*K140*120%,0)) -> 0
A141: =IF('TENAGA KERJA'!A140=0,"",'TENAGA KERJA'!A140) | B141: =IF('TENAGA KERJA'!B140=0,"",'TENAGA KERJA'!B140) | C141: ='TENAGA KERJA'!K140 -> 0 | D141: ='TENAGA KERJA'!L140 -> 0 | E141: ='TENAGA KERJA'!M140 -> 0 | F141: ='TENAGA KERJA'!N140 -> 0 | G141: ='BPJS TK'!D141 -> 0 | H141: ='BPJS TK'!E141 -> 0 | I141: ='BPJS KES'!D141 -> 0 | J141: =SUM(C141:I141) -> 0 | K141: =IF('TENAGA KERJA'!H140="KATEGORI A",VLOOKUP(J141,'TER 2024'!$B$2:$E$45,4),IF('TENAGA KERJA'!H140="KATEGORI B",VLOOKUP(J141,'TER 2024'!$B$46:$E$85,4),IF('TENAGA KERJA'!H140="KATEGORI C",VLOOKUP(J141,'TER 2024'!$B$86:$E$126,4),0))) -> 0 | L141: =IF('TENAGA KERJA'!F140="NPWP",'PPH PSL 21 - GROSS (MULAI 2024)'!J141*K141,IF('TENAGA KERJA'!F140="NON-NPWP",'PPH PSL 21 - GROSS (MULAI 2024)'!J141*K141*120%,0)) -> 0
A142: =IF('TENAGA KERJA'!A141=0,"",'TENAGA KERJA'!A141) | B142: =IF('TENAGA KERJA'!B141=0,"",'TENAGA KERJA'!B141) | C142: ='TENAGA KERJA'!K141 -> 0 | D142: ='TENAGA KERJA'!L141 -> 0 | E142: ='TENAGA KERJA'!M141 -> 0 | F142: ='TENAGA KERJA'!N141 -> 0 | G142: ='BPJS TK'!D142 -> 0 | H142: ='BPJS TK'!E142 -> 0 | I142: ='BPJS KES'!D142 -> 0 | J142: =SUM(C142:I142) -> 0 | K142: =IF('TENAGA KERJA'!H141="KATEGORI A",VLOOKUP(J142,'TER 2024'!$B$2:$E$45,4),IF('TENAGA KERJA'!H141="KATEGORI B",VLOOKUP(J142,'TER 2024'!$B$46:$E$85,4),IF('TENAGA KERJA'!H141="KATEGORI C",VLOOKUP(J142,'TER 2024'!$B$86:$E$126,4),0))) -> 0 | L142: =IF('TENAGA KERJA'!F141="NPWP",'PPH PSL 21 - GROSS (MULAI 2024)'!J142*K142,IF('TENAGA KERJA'!F141="NON-NPWP",'PPH PSL 21 - GROSS (MULAI 2024)'!J142*K142*120%,0)) -> 0
A143: =IF('TENAGA KERJA'!A142=0,"",'TENAGA KERJA'!A142) | B143: =IF('TENAGA KERJA'!B142=0,"",'TENAGA KERJA'!B142) | C143: ='TENAGA KERJA'!K142 -> 0 | D143: ='TENAGA KERJA'!L142 -> 0 | E143: ='TENAGA KERJA'!M142 -> 0 | F143: ='TENAGA KERJA'!N142 -> 0 | G143: ='BPJS TK'!D143 -> 0 | H143: ='BPJS TK'!E143 -> 0 | I143: ='BPJS KES'!D143 -> 0 | J143: =SUM(C143:I143) -> 0 | K143: =IF('TENAGA KERJA'!H142="KATEGORI A",VLOOKUP(J143,'TER 2024'!$B$2:$E$45,4),IF('TENAGA KERJA'!H142="KATEGORI B",VLOOKUP(J143,'TER 2024'!$B$46:$E$85,4),IF('TENAGA KERJA'!H142="KATEGORI C",VLOOKUP(J143,'TER 2024'!$B$86:$E$126,4),0))) -> 0 | L143: =IF('TENAGA KERJA'!F142="NPWP",'PPH PSL 21 - GROSS (MULAI 2024)'!J143*K143,IF('TENAGA KERJA'!F142="NON-NPWP",'PPH PSL 21 - GROSS (MULAI 2024)'!J143*K143*120%,0)) -> 0
A144: =IF('TENAGA KERJA'!A143=0,"",'TENAGA KERJA'!A143) | B144: =IF('TENAGA KERJA'!B143=0,"",'TENAGA KERJA'!B143) | C144: ='TENAGA KERJA'!K143 -> 0 | D144: ='TENAGA KERJA'!L143 -> 0 | E144: ='TENAGA KERJA'!M143 -> 0 | F144: ='TENAGA KERJA'!N143 -> 0 | G144: ='BPJS TK'!D144 -> 0 | H144: ='BPJS TK'!E144 -> 0 | I144: ='BPJS KES'!D144 -> 0 | J144: =SUM(C144:I144) -> 0 | K144: =IF('TENAGA KERJA'!H143="KATEGORI A",VLOOKUP(J144,'TER 2024'!$B$2:$E$45,4),IF('TENAGA KERJA'!H143="KATEGORI B",VLOOKUP(J144,'TER 2024'!$B$46:$E$85,4),IF('TENAGA KERJA'!H143="KATEGORI C",VLOOKUP(J144,'TER 2024'!$B$86:$E$126,4),0))) -> 0 | L144: =IF('TENAGA KERJA'!F143="NPWP",'PPH PSL 21 - GROSS (MULAI 2024)'!J144*K144,IF('TENAGA KERJA'!F143="NON-NPWP",'PPH PSL 21 - GROSS (MULAI 2024)'!J144*K144*120%,0)) -> 0
A145: =IF('TENAGA KERJA'!A144=0,"",'TENAGA KERJA'!A144) | B145: =IF('TENAGA KERJA'!B144=0,"",'TENAGA KERJA'!B144) | C145: ='TENAGA KERJA'!K144 -> 0 | D145: ='TENAGA KERJA'!L144 -> 0 | E145: ='TENAGA KERJA'!M144 -> 0 | F145: ='TENAGA KERJA'!N144 -> 0 | G145: ='BPJS TK'!D145 -> 0 | H145: ='BPJS TK'!E145 -> 0 | I145: ='BPJS KES'!D145 -> 0 | J145: =SUM(C145:I145) -> 0 | K145: =IF('TENAGA KERJA'!H144="KATEGORI A",VLOOKUP(J145,'TER 2024'!$B$2:$E$45,4),IF('TENAGA KERJA'!H144="KATEGORI B",VLOOKUP(J145,'TER 2024'!$B$46:$E$85,4),IF('TENAGA KERJA'!H144="KATEGORI C",VLOOKUP(J145,'TER 2024'!$B$86:$E$126,4),0))) -> 0 | L145: =IF('TENAGA KERJA'!F144="NPWP",'PPH PSL 21 - GROSS (MULAI 2024)'!J145*K145,IF('TENAGA KERJA'!F144="NON-NPWP",'PPH PSL 21 - GROSS (MULAI 2024)'!J145*K145*120%,0)) -> 0
A146: =IF('TENAGA KERJA'!A145=0,"",'TENAGA KERJA'!A145) | B146: =IF('TENAGA KERJA'!B145=0,"",'TENAGA KERJA'!B145) | C146: ='TENAGA KERJA'!K145 -> 0 | D146: ='TENAGA KERJA'!L145 -> 0 | E146: ='TENAGA KERJA'!M145 -> 0 | F146: ='TENAGA KERJA'!N145 -> 0 | G146: ='BPJS TK'!D146 -> 0 | H146: ='BPJS TK'!E146 -> 0 | I146: ='BPJS KES'!D146 -> 0 | J146: =SUM(C146:I146) -> 0 | K146: =IF('TENAGA KERJA'!H145="KATEGORI A",VLOOKUP(J146,'TER 2024'!$B$2:$E$45,4),IF('TENAGA KERJA'!H145="KATEGORI B",VLOOKUP(J146,'TER 2024'!$B$46:$E$85,4),IF('TENAGA KERJA'!H145="KATEGORI C",VLOOKUP(J146,'TER 2024'!$B$86:$E$126,4),0))) -> 0 | L146: =IF('TENAGA KERJA'!F145="NPWP",'PPH PSL 21 - GROSS (MULAI 2024)'!J146*K146,IF('TENAGA KERJA'!F145="NON-NPWP",'PPH PSL 21 - GROSS (MULAI 2024)'!J146*K146*120%,0)) -> 0
A147: =IF('TENAGA KERJA'!A146=0,"",'TENAGA KERJA'!A146) | B147: =IF('TENAGA KERJA'!B146=0,"",'TENAGA KERJA'!B146) | C147: ='TENAGA KERJA'!K146 -> 0 | D147: ='TENAGA KERJA'!L146 -> 0 | E147: ='TENAGA KERJA'!M146 -> 0 | F147: ='TENAGA KERJA'!N146 -> 0 | G147: ='BPJS TK'!D147 -> 0 | H147: ='BPJS TK'!E147 -> 0 | I147: ='BPJS KES'!D147 -> 0 | J147: =SUM(C147:I147) -> 0 | K147: =IF('TENAGA KERJA'!H146="KATEGORI A",VLOOKUP(J147,'TER 2024'!$B$2:$E$45,4),IF('TENAGA KERJA'!H146="KATEGORI B",VLOOKUP(J147,'TER 2024'!$B$46:$E$85,4),IF('TENAGA KERJA'!H146="KATEGORI C",VLOOKUP(J147,'TER 2024'!$B$86:$E$126,4),0))) -> 0 | L147: =IF('TENAGA KERJA'!F146="NPWP",'PPH PSL 21 - GROSS (MULAI 2024)'!J147*K147,IF('TENAGA KERJA'!F146="NON-NPWP",'PPH PSL 21 - GROSS (MULAI 2024)'!J147*K147*120%,0)) -> 0
A148: =IF('TENAGA KERJA'!A147=0,"",'TENAGA KERJA'!A147) | B148: =IF('TENAGA KERJA'!B147=0,"",'TENAGA KERJA'!B147) | C148: ='TENAGA KERJA'!K147 -> 0 | D148: ='TENAGA KERJA'!L147 -> 0 | E148: ='TENAGA KERJA'!M147 -> 0 | F148: ='TENAGA KERJA'!N147 -> 0 | G148: ='BPJS TK'!D148 -> 0 | H148: ='BPJS TK'!E148 -> 0 | I148: ='BPJS KES'!D148 -> 0 | J148: =SUM(C148:I148) -> 0 | K148: =IF('TENAGA KERJA'!H147="KATEGORI A",VLOOKUP(J148,'TER 2024'!$B$2:$E$45,4),IF('TENAGA KERJA'!H147="KATEGORI B",VLOOKUP(J148,'TER 2024'!$B$46:$E$85,4),IF('TENAGA KERJA'!H147="KATEGORI C",VLOOKUP(J148,'TER 2024'!$B$86:$E$126,4),0))) -> 0 | L148: =IF('TENAGA KERJA'!F147="NPWP",'PPH PSL 21 - GROSS (MULAI 2024)'!J148*K148,IF('TENAGA KERJA'!F147="NON-NPWP",'PPH PSL 21 - GROSS (MULAI 2024)'!J148*K148*120%,0)) -> 0
A149: =IF('TENAGA KERJA'!A148=0,"",'TENAGA KERJA'!A148) | B149: =IF('TENAGA KERJA'!B148=0,"",'TENAGA KERJA'!B148) | C149: ='TENAGA KERJA'!K148 -> 0 | D149: ='TENAGA KERJA'!L148 -> 0 | E149: ='TENAGA KERJA'!M148 -> 0 | F149: ='TENAGA KERJA'!N148 -> 0 | G149: ='BPJS TK'!D149 -> 0 | H149: ='BPJS TK'!E149 -> 0 | I149: ='BPJS KES'!D149 -> 0 | J149: =SUM(C149:I149) -> 0 | K149: =IF('TENAGA KERJA'!H148="KATEGORI A",VLOOKUP(J149,'TER 2024'!$B$2:$E$45,4),IF('TENAGA KERJA'!H148="KATEGORI B",VLOOKUP(J149,'TER 2024'!$B$46:$E$85,4),IF('TENAGA KERJA'!H148="KATEGORI C",VLOOKUP(J149,'TER 2024'!$B$86:$E$126,4),0))) -> 0 | L149: =IF('TENAGA KERJA'!F148="NPWP",'PPH PSL 21 - GROSS (MULAI 2024)'!J149*K149,IF('TENAGA KERJA'!F148="NON-NPWP",'PPH PSL 21 - GROSS (MULAI 2024)'!J149*K149*120%,0)) -> 0
A150: =IF('TENAGA KERJA'!A149=0,"",'TENAGA KERJA'!A149) | B150: =IF('TENAGA KERJA'!B149=0,"",'TENAGA KERJA'!B149) | C150: ='TENAGA KERJA'!K149 -> 0 | D150: ='TENAGA KERJA'!L149 -> 0 | E150: ='TENAGA KERJA'!M149 -> 0 | F150: ='TENAGA KERJA'!N149 -> 0 | G150: ='BPJS TK'!D150 -> 0 | H150: ='BPJS TK'!E150 -> 0 | I150: ='BPJS KES'!D150 -> 0 | J150: =SUM(C150:I150) -> 0 | K150: =IF('TENAGA KERJA'!H149="KATEGORI A",VLOOKUP(J150,'TER 2024'!$B$2:$E$45,4),IF('TENAGA KERJA'!H149="KATEGORI B",VLOOKUP(J150,'TER 2024'!$B$46:$E$85,4),IF('TENAGA KERJA'!H149="KATEGORI C",VLOOKUP(J150,'TER 2024'!$B$86:$E$126,4),0))) -> 0 | L150: =IF('TENAGA KERJA'!F149="NPWP",'PPH PSL 21 - GROSS (MULAI 2024)'!J150*K150,IF('TENAGA KERJA'!F149="NON-NPWP",'PPH PSL 21 - GROSS (MULAI 2024)'!J150*K150*120%,0)) -> 0
... A176: =IF('TENAGA KERJA'!A175=0,"",'TENAGA KERJA'!A175) | B176: =IF('TENAGA KERJA'!B175=0,"",'TENAGA KERJA'!B175) | C176: ='TENAGA KERJA'!K175 -> 0 | D176: ='TENAGA KERJA'!L175 -> 0 | E176: ='TENAGA KERJA'!M175 -> 0 | F176: ='TENAGA KERJA'!N175 -> 0 | G176: ='BPJS TK'!D176 -> 0 | H176: ='BPJS TK'!E176 -> 0 | I176: ='BPJS KES'!D176 -> 0 | J176: =SUM(C176:I176) -> 0 | K176: =IF('TENAGA KERJA'!H175="KATEGORI A",VLOOKUP(J176,'TER 2024'!$B$2:$E$45,4),IF('TENAGA KERJA'!H175="KATEGORI B",VLOOKUP(J176,'TER 2024'!$B$46:$E$85,4),IF('TENAGA KERJA'!H175="KATEGORI C",VLOOKUP(J176,'TER 2024'!$B$86:$E$126,4),0))) -> 0 | L176: =IF('TENAGA KERJA'!F175="NPWP",'PPH PSL 21 - GROSS (MULAI 2024)'!J176*K176,IF('TENAGA KERJA'!F175="NON-NPWP",'PPH PSL 21 - GROSS (MULAI 2024)'!J176*K176*120%,0)) -> 0
A177: =IF('TENAGA KERJA'!A176=0,"",'TENAGA KERJA'!A176) | B177: =IF('TENAGA KERJA'!B176=0,"",'TENAGA KERJA'!B176) | C177: ='TENAGA KERJA'!K176 -> 0 | D177: ='TENAGA KERJA'!L176 -> 0 | E177: ='TENAGA KERJA'!M176 -> 0 | F177: ='TENAGA KERJA'!N176 -> 0 | G177: ='BPJS TK'!D177 -> 0 | H177: ='BPJS TK'!E177 -> 0 | I177: ='BPJS KES'!D177 -> 0 | J177: =SUM(C177:I177) -> 0 | K177: =IF('TENAGA KERJA'!H176="KATEGORI A",VLOOKUP(J177,'TER 2024'!$B$2:$E$45,4),IF('TENAGA KERJA'!H176="KATEGORI B",VLOOKUP(J177,'TER 2024'!$B$46:$E$85,4),IF('TENAGA KERJA'!H176="KATEGORI C",VLOOKUP(J177,'TER 2024'!$B$86:$E$126,4),0))) -> 0 | L177: =IF('TENAGA KERJA'!F176="NPWP",'PPH PSL 21 - GROSS (MULAI 2024)'!J177*K177,IF('TENAGA KERJA'!F176="NON-NPWP",'PPH PSL 21 - GROSS (MULAI 2024)'!J177*K177*120%,0)) -> 0 | M177: =SUM(L141:L176)-L168 -> 0
A178: =IF('TENAGA KERJA'!A177=0,"",'TENAGA KERJA'!A177) | B178: =IF('TENAGA KERJA'!B177=0,"",'TENAGA KERJA'!B177) | C178: ='TENAGA KERJA'!K177 -> 0 | D178: ='TENAGA KERJA'!L177 -> 0 | E178: ='TENAGA KERJA'!M177 -> 0 | F178: ='TENAGA KERJA'!N177 -> 0 | G178: ='BPJS TK'!D178 -> 0 | H178: ='BPJS TK'!E178 -> 0 | I178: ='BPJS KES'!D178 -> 0 | J178: =SUM(C178:I178) -> 0 | K178: =IF('TENAGA KERJA'!H177="KATEGORI A",VLOOKUP(J178,'TER 2024'!$B$2:$E$45,4),IF('TENAGA KERJA'!H177="KATEGORI B",VLOOKUP(J178,'TER 2024'!$B$46:$E$85,4),IF('TENAGA KERJA'!H177="KATEGORI C",VLOOKUP(J178,'TER 2024'!$B$86:$E$126,4),0))) -> 0 | L178: =IF('TENAGA KERJA'!F177="NPWP",'PPH PSL 21 - GROSS (MULAI 2024)'!J178*K178,IF('TENAGA KERJA'!F177="NON-NPWP",'PPH PSL 21 - GROSS (MULAI 2024)'!J178*K178*120%,0)) -> 0
A179: =IF('TENAGA KERJA'!A178=0,"",'TENAGA KERJA'!A178) | B179: =IF('TENAGA KERJA'!B178=0,"",'TENAGA KERJA'!B178) | C179: ='TENAGA KERJA'!K178 -> 0 | D179: ='TENAGA KERJA'!L178 -> 0 | E179: ='TENAGA KERJA'!M178 -> 0 | F179: ='TENAGA KERJA'!N178 -> 0 | G179: ='BPJS TK'!D179 -> 20749.424 | H179: ='BPJS TK'!E179 -> 6994.188 | I179: ='BPJS KES'!D179 -> 175653.48 | J179: =SUM(C179:I179) -> 203397.09 | K179: =IF('TENAGA KERJA'!H178="KATEGORI A",VLOOKUP(J179,'TER 2024'!$B$2:$E$45,4),IF('TENAGA KERJA'!H178="KATEGORI B",VLOOKUP(J179,'TER 2024'!$B$46:$E$85,4),IF('TENAGA KERJA'!H178="KATEGORI C",VLOOKUP(J179,'TER 2024'!$B$86:$E$126,4),0))) -> 0 | L179: =IF('TENAGA KERJA'!F178="NPWP",'PPH PSL 21 - GROSS (MULAI 2024)'!J179*K179,IF('TENAGA KERJA'!F178="NON-NPWP",'PPH PSL 21 - GROSS (MULAI 2024)'!J179*K179*120%,0)) -> 0
A180: =IF('TENAGA KERJA'!A179=0,"",'TENAGA KERJA'!A179) | B180: =IF('TENAGA KERJA'!B179=0,"",'TENAGA KERJA'!B179) | C180: ='TENAGA KERJA'!K179 -> 0 | D180: ='TENAGA KERJA'!L179 -> 0 | E180: ='TENAGA KERJA'!M179 -> 0 | F180: ='TENAGA KERJA'!N179 -> 0 | G180: ='BPJS TK'!D180 -> 0 | H180: ='BPJS TK'!E180 -> 0 | I180: ='BPJS KES'!D180 -> 0 | J180: =SUM(C180:I180) -> 0 | K180: =IF('TENAGA KERJA'!H179="KATEGORI A",VLOOKUP(J180,'TER 2024'!$B$2:$E$45,4),IF('TENAGA KERJA'!H179="KATEGORI B",VLOOKUP(J180,'TER 2024'!$B$46:$E$85,4),IF('TENAGA KERJA'!H179="KATEGORI C",VLOOKUP(J180,'TER 2024'!$B$86:$E$126,4),0))) -> 0 | L180: =IF('TENAGA KERJA'!F179="NPWP",'PPH PSL 21 - GROSS (MULAI 2024)'!J180*K180,IF('TENAGA KERJA'!F179="NON-NPWP",'PPH PSL 21 - GROSS (MULAI 2024)'!J180*K180*120%,0)) -> 0
A181: =IF('TENAGA KERJA'!A180=0,"",'TENAGA KERJA'!A180) | B181: =IF('TENAGA KERJA'!B180=0,"",'TENAGA KERJA'!B180) | C181: ='TENAGA KERJA'!K180 -> 0 | D181: ='TENAGA KERJA'!L180 -> 0 | E181: ='TENAGA KERJA'!M180 -> 0 | F181: ='TENAGA KERJA'!N180 -> 0 | G181: ='BPJS TK'!D181 -> 0 | H181: ='BPJS TK'!E181 -> 0 | I181: ='BPJS KES'!D181 -> 0 | J181: =SUM(C181:I181) -> 0 | K181: =IF('TENAGA KERJA'!H180="KATEGORI A",VLOOKUP(J181,'TER 2024'!$B$2:$E$45,4),IF('TENAGA KERJA'!H180="KATEGORI B",VLOOKUP(J181,'TER 2024'!$B$46:$E$85,4),IF('TENAGA KERJA'!H180="KATEGORI C",VLOOKUP(J181,'TER 2024'!$B$86:$E$126,4),0))) -> 0 | L181: =IF('TENAGA KERJA'!F180="NPWP",'PPH PSL 21 - GROSS (MULAI 2024)'!J181*K181,IF('TENAGA KERJA'!F180="NON-NPWP",'PPH PSL 21 - GROSS (MULAI 2024)'!J181*K181*120%,0)) -> 0
A182: =IF('TENAGA KERJA'!A181=0,"",'TENAGA KERJA'!A181) | B182: =IF('TENAGA KERJA'!B181=0,"",'TENAGA KERJA'!B181) | C182: ='TENAGA KERJA'!K181 -> 0 | D182: ='TENAGA KERJA'!L181 -> 0 | E182: ='TENAGA KERJA'!M181 -> 0 | F182: ='TENAGA KERJA'!N181 -> 0 | G182: ='BPJS TK'!D182 -> 0 | H182: ='BPJS TK'!E182 -> 0 | I182: ='BPJS KES'!D182 -> 0 | J182: =SUM(C182:I182) -> 0 | K182: =IF('TENAGA KERJA'!H181="KATEGORI A",VLOOKUP(J182,'TER 2024'!$B$2:$E$45,4),IF('TENAGA KERJA'!H181="KATEGORI B",VLOOKUP(J182,'TER 2024'!$B$46:$E$85,4),IF('TENAGA KERJA'!H181="KATEGORI C",VLOOKUP(J182,'TER 2024'!$B$86:$E$126,4),0))) -> 0 | L182: =IF('TENAGA KERJA'!F181="NPWP",'PPH PSL 21 - GROSS (MULAI 2024)'!J182*K182,IF('TENAGA KERJA'!F181="NON-NPWP",'PPH PSL 21 - GROSS (MULAI 2024)'!J182*K182*120%,0)) -> 0
A183: =IF('TENAGA KERJA'!A182=0,"",'TENAGA KERJA'!A182) | B183: =IF('TENAGA KERJA'!B182=0,"",'TENAGA KERJA'!B182) | C183: ='TENAGA KERJA'!K182 -> 0 | D183: ='TENAGA KERJA'!L182 -> 0 | E183: ='TENAGA KERJA'!M182 -> 0 | F183: ='TENAGA KERJA'!N182 -> 0 | G183: ='BPJS TK'!D183 -> 0 | H183: ='BPJS TK'!E183 -> 0 | I183: ='BPJS KES'!D183 -> 0 | J183: =SUM(C183:I183) -> 0 | K183: =IF('TENAGA KERJA'!H182="KATEGORI A",VLOOKUP(J183,'TER 2024'!$B$2:$E$45,4),IF('TENAGA KERJA'!H182="KATEGORI B",VLOOKUP(J183,'TER 2024'!$B$46:$E$85,4),IF('TENAGA KERJA'!H182="KATEGORI C",VLOOKUP(J183,'TER 2024'!$B$86:$E$126,4),0))) -> 0 | L183: =IF('TENAGA KERJA'!F182="NPWP",'PPH PSL 21 - GROSS (MULAI 2024)'!J183*K183,IF('TENAGA KERJA'!F182="NON-NPWP",'PPH PSL 21 - GROSS (MULAI 2024)'!J183*K183*120%,0)) -> 0
A184: =IF('TENAGA KERJA'!A183=0,"",'TENAGA KERJA'!A183) | B184: =IF('TENAGA KERJA'!B183=0,"",'TENAGA KERJA'!B183) | C184: ='TENAGA KERJA'!K183 -> 0 | D184: ='TENAGA KERJA'!L183 -> 0 | E184: ='TENAGA KERJA'!M183 -> 0 | F184: ='TENAGA KERJA'!N183 -> 0 | G184: ='BPJS TK'!D184 -> 0 | H184: ='BPJS TK'!E184 -> 0 | I184: ='BPJS KES'!D184 -> 0 | J184: =SUM(C184:I184) -> 0 | K184: =IF('TENAGA KERJA'!H183="KATEGORI A",VLOOKUP(J184,'TER 2024'!$B$2:$E$45,4),IF('TENAGA KERJA'!H183="KATEGORI B",VLOOKUP(J184,'TER 2024'!$B$46:$E$85,4),IF('TENAGA KERJA'!H183="KATEGORI C",VLOOKUP(J184,'TER 2024'!$B$86:$E$126,4),0))) -> 0 | L184: =IF('TENAGA KERJA'!F183="NPWP",'PPH PSL 21 - GROSS (MULAI 2024)'!J184*K184,IF('TENAGA KERJA'!F183="NON-NPWP",'PPH PSL 21 - GROSS (MULAI 2024)'!J184*K184*120%,0)) -> 0
A185: =IF('TENAGA KERJA'!A184=0,"",'TENAGA KERJA'!A184) | B185: =IF('TENAGA KERJA'!B184=0,"",'TENAGA KERJA'!B184) | C185: ='TENAGA KERJA'!K184 -> 0 | D185: ='TENAGA KERJA'!L184 -> 0 | E185: ='TENAGA KERJA'!M184 -> 0 | F185: ='TENAGA KERJA'!N184 -> 0 | G185: ='BPJS TK'!D185 -> 0 | H185: ='BPJS TK'!E185 -> 0 | I185: ='BPJS KES'!D185 -> 0 | J185: =SUM(C185:I185) -> 0 | K185: =IF('TENAGA KERJA'!H184="KATEGORI A",VLOOKUP(J185,'TER 2024'!$B$2:$E$45,4),IF('TENAGA KERJA'!H184="KATEGORI B",VLOOKUP(J185,'TER 2024'!$B$46:$E$85,4),IF('TENAGA KERJA'!H184="KATEGORI C",VLOOKUP(J185,'TER 2024'!$B$86:$E$126,4),0))) -> 0 | L185: =IF('TENAGA KERJA'!F184="NPWP",'PPH PSL 21 - GROSS (MULAI 2024)'!J185*K185,IF('TENAGA KERJA'!F184="NON-NPWP",'PPH PSL 21 - GROSS (MULAI 2024)'!J185*K185*120%,0)) -> 0
A186: =IF('TENAGA KERJA'!A185=0,"",'TENAGA KERJA'!A185) | B186: =IF('TENAGA KERJA'!B185=0,"",'TENAGA KERJA'!B185) | C186: ='TENAGA KERJA'!K185 -> 0 | D186: ='TENAGA KERJA'!L185 -> 0 | E186: ='TENAGA KERJA'!M185 -> 0 | F186: ='TENAGA KERJA'!N185 -> 0 | G186: ='BPJS TK'!D186 -> 0 | H186: ='BPJS TK'!E186 -> 0 | I186: ='BPJS KES'!D186 -> 0 | J186: =SUM(C186:I186) -> 0 | K186: =IF('TENAGA KERJA'!H185="KATEGORI A",VLOOKUP(J186,'TER 2024'!$B$2:$E$45,4),IF('TENAGA KERJA'!H185="KATEGORI B",VLOOKUP(J186,'TER 2024'!$B$46:$E$85,4),IF('TENAGA KERJA'!H185="KATEGORI C",VLOOKUP(J186,'TER 2024'!$B$86:$E$126,4),0))) -> 0 | L186: =IF('TENAGA KERJA'!F185="NPWP",'PPH PSL 21 - GROSS (MULAI 2024)'!J186*K186,IF('TENAGA KERJA'!F185="NON-NPWP",'PPH PSL 21 - GROSS (MULAI 2024)'!J186*K186*120%,0)) -> 0
A187: =IF('TENAGA KERJA'!A186=0,"",'TENAGA KERJA'!A186) | B187: =IF('TENAGA KERJA'!B186=0,"",'TENAGA KERJA'!B186) | C187: ='TENAGA KERJA'!K186 -> 0 | D187: ='TENAGA KERJA'!L186 -> 0 | E187: ='TENAGA KERJA'!M186 -> 0 | F187: ='TENAGA KERJA'!N186 -> 0 | G187: ='BPJS TK'!D187 -> 0 | H187: ='BPJS TK'!E187 -> 0 | I187: ='BPJS KES'!D187 -> 0 | J187: =SUM(C187:I187) -> 0 | K187: =IF('TENAGA KERJA'!H186="KATEGORI A",VLOOKUP(J187,'TER 2024'!$B$2:$E$45,4),IF('TENAGA KERJA'!H186="KATEGORI B",VLOOKUP(J187,'TER 2024'!$B$46:$E$85,4),IF('TENAGA KERJA'!H186="KATEGORI C",VLOOKUP(J187,'TER 2024'!$B$86:$E$126,4),0))) -> 0 | L187: =IF('TENAGA KERJA'!F186="NPWP",'PPH PSL 21 - GROSS (MULAI 2024)'!J187*K187,IF('TENAGA KERJA'!F186="NON-NPWP",'PPH PSL 21 - GROSS (MULAI 2024)'!J187*K187*120%,0)) -> 0
A188: =IF('TENAGA KERJA'!A187=0,"",'TENAGA KERJA'!A187) | B188: =IF('TENAGA KERJA'!B187=0,"",'TENAGA KERJA'!B187) | C188: ='TENAGA KERJA'!K187 -> 0 | D188: ='TENAGA KERJA'!L187 -> 0 | E188: ='TENAGA KERJA'!M187 -> 0 | F188: ='TENAGA KERJA'!N187 -> 0 | G188: ='BPJS TK'!D188 -> 0 | H188: ='BPJS TK'!E188 -> 0 | I188: ='BPJS KES'!D188 -> 0 | J188: =SUM(C188:I188) -> 0 | K188: =IF('TENAGA KERJA'!H187="KATEGORI A",VLOOKUP(J188,'TER 2024'!$B$2:$E$45,4),IF('TENAGA KERJA'!H187="KATEGORI B",VLOOKUP(J188,'TER 2024'!$B$46:$E$85,4),IF('TENAGA KERJA'!H187="KATEGORI C",VLOOKUP(J188,'TER 2024'!$B$86:$E$126,4),0))) -> 0 | L188: =IF('TENAGA KERJA'!F187="NPWP",'PPH PSL 21 - GROSS (MULAI 2024)'!J188*K188,IF('TENAGA KERJA'!F187="NON-NPWP",'PPH PSL 21 - GROSS (MULAI 2024)'!J188*K188*120%,0)) -> 0
A189: =IF('TENAGA KERJA'!A188=0,"",'TENAGA KERJA'!A188) | B189: =IF('TENAGA KERJA'!B188=0,"",'TENAGA KERJA'!B188) | C189: ='TENAGA KERJA'!K188 -> 0 | D189: ='TENAGA KERJA'!L188 -> 0 | E189: ='TENAGA KERJA'!M188 -> 0 | F189: ='TENAGA KERJA'!N188 -> 0 | G189: ='BPJS TK'!D189 -> 0 | H189: ='BPJS TK'!E189 -> 0 | I189: ='BPJS KES'!D189 -> 0 | J189: =SUM(C189:I189) -> 0 | K189: =IF('TENAGA KERJA'!H188="KATEGORI A",VLOOKUP(J189,'TER 2024'!$B$2:$E$45,4),IF('TENAGA KERJA'!H188="KATEGORI B",VLOOKUP(J189,'TER 2024'!$B$46:$E$85,4),IF('TENAGA KERJA'!H188="KATEGORI C",VLOOKUP(J189,'TER 2024'!$B$86:$E$126,4),0))) -> 0 | L189: =IF('TENAGA KERJA'!F188="NPWP",'PPH PSL 21 - GROSS (MULAI 2024)'!J189*K189,IF('TENAGA KERJA'!F188="NON-NPWP",'PPH PSL 21 - GROSS (MULAI 2024)'!J189*K189*120%,0)) -> 0
... A210: =IF('TENAGA KERJA'!A209=0,"",'TENAGA KERJA'!A209) | B210: =IF('TENAGA KERJA'!B209=0,"",'TENAGA KERJA'!B209) | C210: ='TENAGA KERJA'!K209 -> 0 | D210: ='TENAGA KERJA'!L209 -> 0 | E210: ='TENAGA KERJA'!M209 -> 0 | F210: ='TENAGA KERJA'!N209 -> 0 | G210: ='BPJS TK'!D210 -> 0 | H210: ='BPJS TK'!E210 -> 0 | I210: ='BPJS KES'!D210 -> 0 | J210: =SUM(C210:I210) -> 0 | K210: =IF('TENAGA KERJA'!H209="KATEGORI A",VLOOKUP(J210,'TER 2024'!$B$2:$E$45,4),IF('TENAGA KERJA'!H209="KATEGORI B",VLOOKUP(J210,'TER 2024'!$B$46:$E$85,4),IF('TENAGA KERJA'!H209="KATEGORI C",VLOOKUP(J210,'TER 2024'!$B$86:$E$126,4),0))) -> 0 | L210: =IF('TENAGA KERJA'!F209="NPWP",'PPH PSL 21 - GROSS (MULAI 2024)'!J210*K210,IF('TENAGA KERJA'!F209="NON-NPWP",'PPH PSL 21 - GROSS (MULAI 2024)'!J210*K210*120%,0)) -> 0
A211: =IF('TENAGA KERJA'!A210=0,"",'TENAGA KERJA'!A210) | B211: =IF('TENAGA KERJA'!B210=0,"",'TENAGA KERJA'!B210) | C211: =SUM(C3:C210) -> 67649414 | D211: =SUM(D3:D210) -> 31460000 | E211: =SUM(E3:E210) -> 19282680 | F211: =SUM(F3:F210) -> 32950000 | G211: =SUM(G3:G210) -> 986987.71 | H211: =SUM(H3:H210) -> 332692.49 | I211: =SUM(I3:I210) -> 4918297.4 | J211: =SUM(J3:J210) -> 1.5758007e+08 | ... L211: =SUM(L3:L210) -> 1551423.6

Sheet RINCIAN GAJI - GROSS
A1: No | B1: Nama | C1: Nik | D1: Jabatan | E1: Divisi | F1: Penerimaan | J1: Jumlah Gaji Kotor | K1: Ditanggung Pemberi Kerja | P1: Jumlah | Q1: Jumlah Manfaat | R1: Potongan (beban karyawan) | V1: Jumlah Potongan | W1: Jumlah Gaji Bersih
F2: Gaji Pokok | G2: Tunj. Tetap | H2: THR, Bonus | I2: Natura, Dll | K2: JKK | L2: JKM | M2: JHT | N2: JP | O2: BPJS Kes | R2: Iuran JHT | S2: Iuran Pensiun | T2: BPJS Kesehatan | U2: PPh 21
A3: =IF('TENAGA KERJA'!A2=0,"",'TENAGA KERJA'!A2) -> 1 | B3: =IF('TENAGA KERJA'!B2=0,"",'TENAGA KERJA'!B2) -> ABDUL HALIM | C3: =IF('TENAGA KERJA'!C2=0,"",'TENAGA KERJA'!C2) -> 222020 | D3: =IF('TENAGA KERJA'!D2=0,"",'TENAGA KERJA'!D2) | E3: =IF('TENAGA KERJA'!E2=0,"",'TENAGA KERJA'!E2) -> 1 | F3: ='TENAGA KERJA'!K2 -> 2961337 | G3: ='TENAGA KERJA'!L2 -> 1430000 | H3: ='TENAGA KERJA'!M2 -> 1154947 | I3: ='TENAGA KERJA'!N2 -> 1550000 | J3: =SUM(F3:I3) -> 7096284 | K3: ='BPJS TK'!D3 -> 39082.899 | L3: ='BPJS TK'!E3 -> 13174.011 | M3: ='BPJS TK'!F3 -> 162479.47 | N3: ='BPJS TK'!H3 -> 0 | O3: ='BPJS KES'!D3 -> 175653.48 | P3: =SUM(K3:O3) -> 390389.86 | Q3: =J3+P3 -> 7486673.9 | R3: ='BPJS TK'!G3 -> 87826.74 | S3: ='BPJS TK'!I3 -> 0 | T3: ='BPJS KES'!E3 -> 43913.37 | U3: ='PPH PSL 21 - GROSS (MULAI 2024)'!L3 -> 36620.972 | V3: =SUM(R3:U3) -> 168361.08 | W3: =J3-V3 -> 6927922.9
A4: =IF('TENAGA KERJA'!A3=0,"",'TENAGA KERJA'!A3) -> 2 | B4: =IF('TENAGA KERJA'!B3=0,"",'TENAGA KERJA'!B3) -> SRI ASLINDA | C4: =IF('TENAGA KERJA'!C3=0,"",'TENAGA KERJA'!C3) -> K252070 | D4: =IF('TENAGA KERJA'!D3=0,"",'TENAGA KERJA'!D3) | E4: =IF('TENAGA KERJA'!E3=0,"",'TENAGA KERJA'!E3) -> 2 | F4: ='TENAGA KERJA'!K3 -> 2961337 | G4: ='TENAGA KERJA'!L3 -> 1430000 | H4: ='TENAGA KERJA'!M3 -> 300000 | I4: ='TENAGA KERJA'!N3 -> 1550000 | J4: =SUM(F4:I4) -> 6241337 | K4: ='BPJS TK'!D4 -> 39082.899 | L4: ='BPJS TK'!E4 -> 13174.011 | M4: ='BPJS TK'!F4 -> 162479.47 | N4: ='BPJS TK'!H4 -> 0 | O4: ='BPJS KES'!D4 -> 175653.48 | P4: =SUM(K4:O4) -> 390389.86 | Q4: =J4+P4 -> 6631726.9 | R4: ='BPJS TK'!G4 -> 87826.74 | S4: ='BPJS TK'!I4 -> 0 | T4: ='BPJS KES'!E4 -> 43913.37 | U4: ='PPH PSL 21 - GROSS (MULAI 2024)'!L4 -> 64692.474 | V4: =SUM(R4:U4) -> 196432.58 | W4: =J4-V4 -> 6044904.4
A5: =IF('TENAGA KERJA'!A4=0,"",'TENAGA KERJA'!A4) -> 3 | B5: =IF('TENAGA KERJA'!B4=0,"",'TENAGA KERJA'!B4) -> RAFLY RAHMADAN GOBEL | C5: =IF('TENAGA KERJA'!C4=0,"",'TENAGA KERJA'!C4) -> K262009 | D5: =IF('TENAGA KERJA'!D4=0,"",'TENAGA KERJA'!D4) | E5: =IF('TENAGA KERJA'!E4=0,"",'TENAGA KERJA'!E4) -> 3 | F5: ='TENAGA KERJA'!K4 -> 2961337 | G5: ='TENAGA KERJA'!L4 -> 1430000 | H5: ='TENAGA KERJA'!M4 -> 1231097.4 | I5: ='TENAGA KERJA'!N4 -> 1550000 | J5: =SUM(F5:I5) -> 7172434.4 | K5: ='BPJS TK'!D5 -> 39082.899 | L5: ='BPJS TK'!E5 -> 13174.011 | M5: ='BPJS TK'!F5 -> 162479.47 | N5: ='BPJS TK'!H5 -> 0 | O5: ='BPJS KES'!D5 -> 175653.48 | P5: =SUM(K5:O5) -> 390389.86 | Q5: =J5+P5 -> 7562824.2 | R5: ='BPJS TK'!G5 -> 87826.74 | S5: ='BPJS TK'!I5 -> 0 | T5: ='BPJS KES'!E5 -> 43913.37 | U5: ='PPH PSL 21 - GROSS (MULAI 2024)'!L5 -> 92504.309 | V5: =SUM(R5:U5) -> 224244.42 | W5: =J5-V5 -> 6948189.9
A6: =IF('TENAGA KERJA'!A5=0,"",'TENAGA KERJA'!A5) -> 4 | B6: =IF('TENAGA KERJA'!B5=0,"",'TENAGA KERJA'!B5) -> RAHMAT HIDAYAT | C6: =IF('TENAGA KERJA'!C5=0,"",'TENAGA KERJA'!C5) -> K262015 | D6: =IF('TENAGA KERJA'!D5=0,"",'TENAGA KERJA'!D5) | E6: =IF('TENAGA KERJA'!E5=0,"",'TENAGA KERJA'!E5) -> 4 | F6: ='TENAGA KERJA'!K5 -> 2961337 | G6: ='TENAGA KERJA'!L5 -> 1430000 | H6: ='TENAGA KERJA'!M5 -> 1637232.6 | I6: ='TENAGA KERJA'!N5 -> 1550000 | J6: =SUM(F6:I6) -> 7578569.6 | K6: ='BPJS TK'!D6 -> 39082.899 | L6: ='BPJS TK'!E6 -> 13174.011 | M6: ='BPJS TK'!F6 -> 162479.47 | N6: ='BPJS TK'!H6 -> 0 | O6: ='BPJS KES'!D6 -> 175653.48 | P6: =SUM(K6:O6) -> 390389.86 | Q6: =J6+P6 -> 7968959.4 | R6: ='BPJS TK'!G6 -> 87826.74 | S6: ='BPJS TK'!I6 -> 0 | T6: ='BPJS KES'!E6 -> 43913.37 | U6: ='PPH PSL 21 - GROSS (MULAI 2024)'!L6 -> 117097.2 | V6: =SUM(R6:U6) -> 248837.31 | W6: =J6-V6 -> 7329732.3
A7: =IF('TENAGA KERJA'!A6=0,"",'TENAGA KERJA'!A6) -> 5 | B7: =IF('TENAGA KERJA'!B6=0,"",'TENAGA KERJA'!B6) -> ARYABAYA SRIPATI | C7: =IF('TENAGA KERJA'!C6=0,"",'TENAGA KERJA'!C6) -> K262020 | D7: =IF('TENAGA KERJA'!D6=0,"",'TENAGA KERJA'!D6) | E7: =IF('TENAGA KERJA'!E6=0,"",'TENAGA KERJA'!E6) -> 5 | F7: ='TENAGA KERJA'!K6 -> 2961337 | G7: ='TENAGA KERJA'!L6 -> 1430000 | H7: ='TENAGA KERJA'!M6 -> 342676.59 | I7: ='TENAGA KERJA'!N6 -> 1550000 | J7: =SUM(F7:I7) -> 6284013.6 | K7: ='BPJS TK'!D7 -> 39082.899 | L7: ='BPJS TK'!E7 -> 13174.011 | M7: ='BPJS TK'!F7 -> 162479.47 | N7: ='BPJS TK'!H7 -> 0 | O7: ='BPJS KES'!D7 -> 175653.48 | P7: =SUM(K7:O7) -> 390389.86 | Q7: =J7+P7 -> 6674403.4 | R7: ='BPJS TK'!G7 -> 87826.74 | S7: ='BPJS TK'!I7 -> 0 | T7: ='BPJS KES'!E7 -> 43913.37 | U7: ='PPH PSL 21 - GROSS (MULAI 2024)'!L7 -> 65119.24 | V7: =SUM(R7:U7) -> 196859.35 | W7: =J7-V7 -> 6087154.2
A8: =IF('TENAGA KERJA'!A7=0,"",'TENAGA KERJA'!A7) -> 6 | B8: =IF('TENAGA KERJA'!B7=0,"",'TENAGA KERJA'!B7) -> REZA NURHIDAYAT | C8: =IF('TENAGA KERJA'!C7=0,"",'TENAGA KERJA'!C7) -> K262021 | D8: =IF('TENAGA KERJA'!D7=0,"",'TENAGA KERJA'!D7) | E8: =IF('TENAGA KERJA'!E7=0,"",'TENAGA KERJA'!E7) -> 6 | F8: ='TENAGA KERJA'!K7 -> 2961337 | G8: ='TENAGA KERJA'!L7 -> 1430000 | H8: ='TENAGA KERJA'!M7 -> 850345.6 | I8: ='TENAGA KERJA'!N7 -> 1550000 | J8: =SUM(F8:I8) -> 6791682.6 | K8: ='BPJS TK'!D8 -> 39082.899 | L8: ='BPJS TK'!E8 -> 13174.011 | M8: ='BPJS TK'!F8 -> 162479.47 | N8: ='BPJS TK'!H8 -> 0 | O8: ='BPJS KES'!D8 -> 175653.48 | P8: =SUM(K8:O8) -> 390389.86 | Q8: =J8+P8 -> 7182072.5 | R8: ='BPJS TK'!G8 -> 87826.74 | S8: ='BPJS TK'!I8 -> 0 | T8: ='BPJS KES'!E8 -> 43913.37 | U8: ='PPH PSL 21 - GROSS (MULAI 2024)'!L8 -> 87744.912 | V8: =SUM(R8:U8) -> 219485.02 | W8: =J8-V8 -> 6572197.6
A9: =IF('TENAGA KERJA'!A8=0,"",'TENAGA KERJA'!A8) -> 7 | B9: =IF('TENAGA KERJA'!B8=0,"",'TENAGA KERJA'!B8) -> MUHAMMAD ANSHAR A | C9: =IF('TENAGA KERJA'!C8=0,"",'TENAGA KERJA'!C8) -> K262022 | D9: =IF('TENAGA KERJA'!D8=0,"",'TENAGA KERJA'!D8) | E9: =IF('TENAGA KERJA'!E8=0,"",'TENAGA KERJA'!E8) -> 7 | F9: ='TENAGA KERJA'!K8 -> 2961337 | G9: ='TENAGA KERJA'!L8 -> 1430000 | H9: ='TENAGA KERJA'!M8 -> 1091488.4 | I9: ='TENAGA KERJA'!N8 -> 1550000 | J9: =SUM(F9:I9) -> 7032825.4 | K9: ='BPJS TK'!D9 -> 39082.899 | L9: ='BPJS TK'!E9 -> 13174.011 | M9: ='BPJS TK'!F9 -> 162479.47 | N9: ='BPJS TK'!H9 -> 0 | O9: ='BPJS KES'!D9 -> 175653.48 | P9: =SUM(K9:O9) -> 390389.86 | Q9: =J9+P9 -> 7423215.2 | R9: ='BPJS TK'!G9 -> 87826.74 | S9: ='BPJS TK'!I9 -> 0 | T9: ='BPJS KES'!E9 -> 43913.37 | U9: ='PPH PSL 21 - GROSS (MULAI 2024)'!L9 -> 54455.518 | V9: =SUM(R9:U9) -> 186195.63 | W9: =J9-V9 -> 6846629.8
A10: =IF('TENAGA KERJA'!A9=0,"",'TENAGA KERJA'!A9) -> 8 | B10: =IF('TENAGA KERJA'!B9=0,"",'TENAGA KERJA'!B9) -> IKA JULITA | C10: =IF('TENAGA KERJA'!C9=0,"",'TENAGA KERJA'!C9) -> K262023 | D10: =IF('TENAGA KERJA'!D9=0,"",'TENAGA KERJA'!D9) | E10: =IF('TENAGA KERJA'!E9=0,"",'TENAGA KERJA'!E9) -> 8 | F10: ='TENAGA KERJA'!K9 -> 2961337 | G10: ='TENAGA KERJA'!L9 -> 1430000 | H10: ='TENAGA KERJA'!M9 -> 300000 | I10: ='TENAGA KERJA'!N9 -> 1550000 | J10: =SUM(F10:I10) -> 6241337 | K10: ='BPJS TK'!D10 -> 39082.899 | L10: ='BPJS TK'!E10 -> 13174.011 | M10: ='BPJS TK'!F10 -> 162479.47 | N10: ='BPJS TK'!H10 -> 0 | O10: ='BPJS KES'!D10 -> 175653.48 | P10: =SUM(K10:O10) -> 390389.86 | Q10: =J10+P10 -> 6631726.9 | R10: ='BPJS TK'!G10 -> 87826.74 | S10: ='BPJS TK'!I10 -> 0 | T10: ='BPJS KES'!E10 -> 43913.37 | U10: ='PPH PSL 21 - GROSS (MULAI 2024)'!L10 -> 64692.474 | V10: =SUM(R10:U10) -> 196432.58 | W10: =J10-V10 -> 6044904.4
A11: =IF('TENAGA KERJA'!A10=0,"",'TENAGA KERJA'!A10) -> 9 | B11: =IF('TENAGA KERJA'!B10=0,"",'TENAGA KERJA'!B10) -> FAJAR SHADIQ HERNANDA | C11: =IF('TENAGA KERJA'!C10=0,"",'TENAGA KERJA'!C10) -> K262024 | D11: =IF('TENAGA KERJA'!D10=0,"",'TENAGA KERJA'!D10) | E11: =IF('TENAGA KERJA'!E10=0,"",'TENAGA KERJA'!E10) -> 9 | F11: ='TENAGA KERJA'!K10 -> 2961337 | G11: ='TENAGA KERJA'!L10 -> 1430000 | H11: ='TENAGA KERJA'!M10 -> 342676.59 | I11: ='TENAGA KERJA'!N10 -> 1550000 | J11: =SUM(F11:I11) -> 6284013.6 | K11: ='BPJS TK'!D11 -> 39082.899 | L11: ='BPJS TK'!E11 -> 13174.011 | M11: ='BPJS TK'!F11 -> 162479.47 | N11: ='BPJS TK'!H11 -> 0 | O11: ='BPJS KES'!D11 -> 175653.48 | P11: =SUM(K11:O11) -> 390389.86 | Q11: =J11+P11 -> 6674403.4 | R11: ='BPJS TK'!G11 -> 87826.74 | S11: ='BPJS TK'!I11 -> 0 | T11: ='BPJS KES'!E11 -> 43913.37 | U11: ='PPH PSL 21 - GROSS (MULAI 2024)'!L11 -> 65119.24 | V11: =SUM(R11:U11) -> 196859.35 | W11: =J11-V11 -> 6087154.2
A12: =IF('TENAGA KERJA'!A11=0,"",'TENAGA KERJA'!A11) -> 10 | B12: =IF('TENAGA KERJA'!B11=0,"",'TENAGA KERJA'!B11) -> BAGUS DWI ARISTA | C12: =IF('TENAGA KERJA'!C11=0,"",'TENAGA KERJA'!C11) -> K262027 | D12: =IF('TENAGA KERJA'!D11=0,"",'TENAGA KERJA'!D11) | E12: =IF('TENAGA KERJA'!E11=0,"",'TENAGA KERJA'!E11) -> 10 | F12: ='TENAGA KERJA'!K11 -> 2961337 | G12: ='TENAGA KERJA'!L11 -> 1430000 | H12: ='TENAGA KERJA'!M11 -> 1472240.2 | I12: ='TENAGA KERJA'!N11 -> 1550000 | J12: =SUM(F12:I12) -> 7413577.2 | K12: ='BPJS TK'!D12 -> 39082.899 | L12: ='BPJS TK'!E12 -> 13174.011 | M12: ='BPJS TK'!F12 -> 162479.47 | N12: ='BPJS TK'!H12 -> 0 | O12: ='BPJS KES'!D12 -> 175653.48 | P12: =SUM(K12:O12) -> 390389.86 | Q12: =J12+P12 -> 7803967 | R12: ='BPJS TK'!G12 -> 87826.74 | S12: ='BPJS TK'!I12 -> 0 | T12: ='BPJS KES'!E12 -> 43913.37 | U12: ='PPH PSL 21 - GROSS (MULAI 2024)'!L12 -> 114622.31 | V12: =SUM(R12:U12) -> 246362.42 | W12: =J12-V12 -> 7167214.7
A13: =IF('TENAGA KERJA'!A12=0,"",'TENAGA KERJA'!A12) -> 11 | B13: =IF('TENAGA KERJA'!B12=0,"",'TENAGA KERJA'!B12) -> SITI AISYAH | C13: =IF('TENAGA KERJA'!C12=0,"",'TENAGA KERJA'!C12) -> K262049 | D13: =IF('TENAGA KERJA'!D12=0,"",'TENAGA KERJA'!D12) | E13: =IF('TENAGA KERJA'!E12=0,"",'TENAGA KERJA'!E12) -> 11 | F13: ='TENAGA KERJA'!K12 -> 2961337 | G13: ='TENAGA KERJA'!L12 -> 1430000 | H13: ='TENAGA KERJA'!M12 -> 76150.353 | I13: ='TENAGA KERJA'!N12 -> 1550000 | J13: =SUM(F13:I13) -> 6017487.4 | K13: ='BPJS TK'!D13 -> 39082.899 | L13: ='BPJS TK'!E13 -> 13174.011 | M13: ='BPJS TK'!F13 -> 162479.47 | N13: ='BPJS TK'!H13 -> 0 | O13: ='BPJS KES'!D13 -> 175653.48 | P13: =SUM(K13:O13) -> 390389.86 | Q13: =J13+P13 -> 6407877.2 | R13: ='BPJS TK'!G13 -> 87826.74 | S13: ='BPJS TK'!I13 -> 0 | T13: ='BPJS KES'!E13 -> 43913.37 | U13: ='PPH PSL 21 - GROSS (MULAI 2024)'!L13 -> 46840.483 | V13: =SUM(R13:U13) -> 178580.59 | W13: =J13-V13 -> 5838906.8
A14: =IF('TENAGA KERJA'!A13=0,"",'TENAGA KERJA'!A13) -> 12 | B14: =IF('TENAGA KERJA'!B13=0,"",'TENAGA KERJA'!B13) -> YUDI BISMANTAKA | C14: =IF('TENAGA KERJA'!C13=0,"",'TENAGA KERJA'!C13) -> K262027 | D14: =IF('TENAGA KERJA'!D13=0,"",'TENAGA KERJA'!D13) | E14: =IF('TENAGA KERJA'!E13=0,"",'TENAGA KERJA'!E13) -> 12 | F14: ='TENAGA KERJA'!K13 -> 2961337 | G14: ='TENAGA KERJA'!L13 -> 1430000 | H14: ='TENAGA KERJA'!M13 -> 101533.8 | I14: ='TENAGA KERJA'!N13 -> 1550000 | J14: =SUM(F14:I14) -> 6042870.8 | K14: ='BPJS TK'!D14 -> 39082.899 | L14: ='BPJS TK'!E14 -> 13174.011 | M14: ='BPJS TK'!F14 -> 162479.47 | N14: ='BPJS TK'!H14 -> 0 | O14: ='BPJS KES'!D14 -> 175653.48 | P14: =SUM(K14:O14) -> 390389.86 | Q14: =J14+P14 -> 6433260.7 | R14: ='BPJS TK'!G14 -> 87826.74 | S14: ='BPJS TK'!I14 -> 0 | T14: ='BPJS KES'!E14 -> 43913.37 | U14: ='PPH PSL 21 - GROSS (MULAI 2024)'!L14 -> 47030.859 | V14: =SUM(R14:U14) -> 178770.97 | W14: =J14-V14 -> 5864099.8
... A21: =IF('TENAGA KERJA'!A20=0,"",'TENAGA KERJA'!A20) -> 19 | B21: =IF('TENAGA KERJA'!B20=0,"",'TENAGA KERJA'!B20) -> MUAMMAR AKRAM | C21: =IF('TENAGA KERJA'!C20=0,"",'TENAGA KERJA'!C20) -> K262065 | D21: =IF('TENAGA KERJA'!D20=0,"",'TENAGA KERJA'!D20) -> PLKS PERENCANAAN | E21: =IF('TENAGA KERJA'!E20=0,"",'TENAGA KERJA'!E20) -> 19 | F21: ='TENAGA KERJA'!K20 -> 2961337 | G21: ='TENAGA KERJA'!L20 -> 1430000 | H21: ='TENAGA KERJA'!M20 -> 1053413.2 | I21: ='TENAGA KERJA'!N20 -> 1550000 | J21: =SUM(F21:I21) -> 6994750.2 | K21: ='BPJS TK'!D21 -> 39082.899 | L21: ='BPJS TK'!E21 -> 13174.011 | M21: ='BPJS TK'!F21 -> 162479.47 | N21: ='BPJS TK'!H21 -> 0 | O21: ='BPJS KES'!D21 -> 175653.48 | P21: =SUM(K21:O21) -> 390389.86 | Q21: =J21+P21 -> 7385140.1 | R21: ='BPJS TK'!G21 -> 87826.74 | S21: ='BPJS TK'!I21 -> 0 | T21: ='BPJS KES'!E21 -> 43913.37 | U21: ='PPH PSL 21 - GROSS (MULAI 2024)'!L21 -> 90283.258 | V21: =SUM(R21:U21) -> 222023.37 | W21: =J21-V21 -> 6772726.8
A22: =IF('TENAGA KERJA'!A21=0,"",'TENAGA KERJA'!A21) -> 20 | B22: =IF('TENAGA KERJA'!B21=0,"",'TENAGA KERJA'!B21) -> DARMAWAN SYAH | C22: =IF('TENAGA KERJA'!C21=0,"",'TENAGA KERJA'!C21) -> K262066 | D22: =IF('TENAGA KERJA'!D21=0,"",'TENAGA KERJA'!D21) -> OP EXCA MUK | E22: =IF('TENAGA KERJA'!E21=0,"",'TENAGA KERJA'!E21) -> 20 | F22: ='TENAGA KERJA'!K21 -> 2500000 | G22: ='TENAGA KERJA'!L21 -> 0 | H22: ='TENAGA KERJA'!M21 -> 4701000 | I22: ='TENAGA KERJA'!N21 -> 600000 | J22: =SUM(F22:I22) -> 7801000 | K22: ='BPJS TK'!D22 -> 39082.899 | L22: ='BPJS TK'!E22 -> 13174.011 | M22: ='BPJS TK'!F22 -> 162479.47 | N22: ='BPJS TK'!H22 -> 0 | O22: ='BPJS KES'!D22 -> 175653.48 | P22: =SUM(K22:O22) -> 390389.86 | Q22: =J22+P22 -> 8191389.9 | R22: ='BPJS TK'!G22 -> 87826.74 | S22: ='BPJS TK'!I22 -> 0 | T22: ='BPJS KES'!E22 -> 43913.37 | U22: ='PPH PSL 21 - GROSS (MULAI 2024)'!L22 -> 80289.104 | V22: =SUM(R22:U22) -> 212029.21 | W22: =J22-V22 -> 7588970.8 | X22: 7588970.8
A23: =IF('TENAGA KERJA'!A22=0,"",'TENAGA KERJA'!A22) -> 21 | B23: =IF('TENAGA KERJA'!B22=0,"",'TENAGA KERJA'!B22) -> MARIYAM | C23: =IF('TENAGA KERJA'!C22=0,"",'TENAGA KERJA'!C22) -> K262072 | D23: =IF('TENAGA KERJA'!D22=0,"",'TENAGA KERJA'!D22) -> JURMAS | E23: =IF('TENAGA KERJA'!E22=0,"",'TENAGA KERJA'!E22) -> 21 | F23: ='TENAGA KERJA'!K22 -> 2961337 | G23: ='TENAGA KERJA'!L22 -> 1430000 | H23: ='TENAGA KERJA'!M22 -> 300000 | I23: ='TENAGA KERJA'!N22 -> 1200000 | J23: =SUM(F23:I23) -> 5891337 | K23: ='BPJS TK'!D23 -> 39082.899 | L23: ='BPJS TK'!E23 -> 13174.011 | M23: ='BPJS TK'!F23 -> 162479.47 | N23: ='BPJS TK'!H23 -> 0 | O23: ='BPJS KES'!D23 -> 175653.48 | P23: =SUM(K23:O23) -> 390389.86 | Q23: =J23+P23 -> 6281726.9 | R23: ='BPJS TK'!G23 -> 87826.74 | S23: ='BPJS TK'!I23 -> 0 | T23: ='BPJS KES'!E23 -> 43913.37 | U23: ='PPH PSL 21 - GROSS (MULAI 2024)'!L23 -> 45894.355 | V23: =SUM(R23:U23) -> 177634.47 | W23: =J23-V23 -> 5713702.5
A24: =IF('TENAGA KERJA'!A23=0,"",'TENAGA KERJA'!A23) -> 22 | B24: =IF('TENAGA KERJA'!B23=0,"",'TENAGA KERJA'!B23) -> ACHMAD RENALDI | C24: =IF('TENAGA KERJA'!C23=0,"",'TENAGA KERJA'!C23) -> K262076 | D24: =IF('TENAGA KERJA'!D23=0,"",'TENAGA KERJA'!D23) -> PLKS UMUM DRIVER MUK | E24: =IF('TENAGA KERJA'!E23=0,"",'TENAGA KERJA'!E23) -> 22 | F24: ='TENAGA KERJA'!K23 -> 2961337 | G24: ='TENAGA KERJA'!L23 -> 1430000 | H24: ='TENAGA KERJA'!M23 -> 2614495.4 | I24: ='TENAGA KERJA'!N23 -> 900000 | J24: =SUM(F24:I24) -> 7905832.4 | K24: ='BPJS TK'!D24 -> 39082.899 | L24: ='BPJS TK'!E24 -> 13174.011 | M24: ='BPJS TK'!F24 -> 162479.47 | N24: ='BPJS TK'!H24 -> 0 | O24: ='BPJS KES'!D24 -> 175653.48 | P24: =SUM(K24:O24) -> 390389.86 | Q24: =J24+P24 -> 8296222.3 | R24: ='BPJS TK'!G24 -> 87826.74 | S24: ='BPJS TK'!I24 -> 0 | T24: ='BPJS KES'!E24 -> 43913.37 | U24: ='PPH PSL 21 - GROSS (MULAI 2024)'!L24 -> 122006.14 | V24: =SUM(R24:U24) -> 253746.25 | W24: =J24-V24 -> 7652086.2
A25: =IF('TENAGA KERJA'!A24=0,"",'TENAGA KERJA'!A24) -> 23 | B25: =IF('TENAGA KERJA'!B24=0,"",'TENAGA KERJA'!B24) -> ARIF GUNAWAN | C25: =IF('TENAGA KERJA'!C24=0,"",'TENAGA KERJA'!C24) -> K262078 | D25: =IF('TENAGA KERJA'!D24=0,"",'TENAGA KERJA'!D24) -> PLKS PAMHUTSOS | E25: =IF('TENAGA KERJA'!E24=0,"",'TENAGA KERJA'!E24) -> 23 | F25: ='TENAGA KERJA'!K24 -> 2961337 | G25: ='TENAGA KERJA'!L24 -> 1430000 | H25: ='TENAGA KERJA'!M24 -> 126917.25 | I25: ='TENAGA KERJA'!N24 -> 800000 | J25: =SUM(F25:I25) -> 5318254.3 | K25: ='BPJS TK'!D25 -> 39082.899 | L25: ='BPJS TK'!E25 -> 13174.011 | M25: ='BPJS TK'!F25 -> 162479.47 | N25: ='BPJS TK'!H25 -> 0 | O25: ='BPJS KES'!D25 -> 175653.48 | P25: =SUM(K25:O25) -> 390389.86 | Q25: =J25+P25 -> 5708644.1 | R25: ='BPJS TK'!G25 -> 87826.74 | S25: ='BPJS TK'!I25 -> 0 | T25: ='BPJS KES'!E25 -> 43913.37 | U25: ='PPH PSL 21 - GROSS (MULAI 2024)'!L25 -> 0 | V25: =SUM(R25:U25) -> 131740.11 | W25: =J25-V25 -> 5186514.1
A26: =IF('TENAGA KERJA'!A25=0,"",'TENAGA KERJA'!A25) | B26: =IF('TENAGA KERJA'!B25=0,"",'TENAGA KERJA'!B25) | C26: =IF('TENAGA KERJA'!C25=0,"",'TENAGA KERJA'!C25) | D26: =IF('TENAGA KERJA'!D25=0,"",'TENAGA KERJA'!D25) | E26: =IF('TENAGA KERJA'!E25=0,"",'TENAGA KERJA'!E25) | F26: ='TENAGA KERJA'!K25 -> 0 | G26: ='TENAGA KERJA'!L25 -> 0 | H26: ='TENAGA KERJA'!M25 -> 0 | J26: =SUM(F26:I26) -> 0 | K26: ='BPJS TK'!D26 -> 0 | L26: ='BPJS TK'!E26 -> 0 | M26: ='BPJS TK'!F26 -> 0 | N26: ='BPJS TK'!H26 -> 0 | O26: ='BPJS KES'!D26 -> 0 | P26: =SUM(K26:O26) -> 0 | Q26: =J26+P26 -> 0 | R26: ='BPJS TK'!G26 -> 0 | S26: ='BPJS TK'!I26 -> 0 | T26: ='BPJS KES'!E26 -> 0 | U26: ='PPH PSL 21 - GROSS (MULAI 2024)'!L26 -> 0 | V26: =SUM(R26:U26) -> 0 | W26: =J26-V26 -> 0 | X26: =SUM(W3:W25) -> 1.4676065e+08 | Y26: 1.4486931e+08 | Z26: =X26-Y26 -> 1891337
A27: =IF('TENAGA KERJA'!A26=0,"",'TENAGA KERJA'!A26) | B27: =IF('TENAGA KERJA'!B26=0,"",'TENAGA KERJA'!B26) | C27: =IF('TENAGA KERJA'!C26=0,"",'TENAGA KERJA'!C26) | D27: =IF('TENAGA KERJA'!D26=0,"",'TENAGA KERJA'!D26) | E27: =IF('TENAGA KERJA'!E26=0,"",'TENAGA KERJA'!E26) | F27: ='TENAGA KERJA'!K26 -> 0 | G27: ='TENAGA KERJA'!L26 -> 0 | H27: ='TENAGA KERJA'!M26 -> 0 | J27: =SUM(F27:I27) -> 0 | K27: ='BPJS TK'!D27 -> 0 | L27: ='BPJS TK'!E27 -> 0 | M27: ='BPJS TK'!F27 -> 0 | N27: ='BPJS TK'!H27 -> 0 | O27: ='BPJS KES'!D27 -> 0 | P27: =SUM(K27:O27) -> 0 | Q27: =J27+P27 -> 0 | R27: ='BPJS TK'!G27 -> 0 | S27: ='BPJS TK'!I27 -> 0 | T27: ='BPJS KES'!E27 -> 0 | U27: ='PPH PSL 21 - GROSS (MULAI 2024)'!L27 -> 0 | V27: =SUM(R27:U27) -> 0 | W27: =J27-V27 -> 0
A28: =IF('TENAGA KERJA'!A27=0,"",'TENAGA KERJA'!A27) | B28: =IF('TENAGA KERJA'!B27=0,"",'TENAGA KERJA'!B27) | C28: =IF('TENAGA KERJA'!C27=0,"",'TENAGA KERJA'!C27) | D28: =IF('TENAGA KERJA'!D27=0,"",'TENAGA KERJA'!D27) | E28: =IF('TENAGA KERJA'!E27=0,"",'TENAGA KERJA'!E27) | F28: ='TENAGA KERJA'!K27 -> 0 | G28: ='TENAGA KERJA'!L27 -> 0 | H28: ='TENAGA KERJA'!M27 -> 0 | J28: =SUM(F28:I28) -> 0 | K28: ='BPJS TK'!D28 -> 0 | L28: ='BPJS TK'!E28 -> 0 | M28: ='BPJS TK'!F28 -> 0 | N28: ='BPJS TK'!H28 -> 0 | O28: ='BPJS KES'!D28 -> 0 | P28: =SUM(K28:O28) -> 0 | Q28: =J28+P28 -> 0 | R28: ='BPJS TK'!G28 -> 0 | S28: ='BPJS TK'!I28 -> 0 | T28: ='BPJS KES'!E28 -> 0 | U28: ='PPH PSL 21 - GROSS (MULAI 2024)'!L28 -> 0 | V28: =SUM(R28:U28) -> 0 | W28: =J28-V28 -> 0
A29: =IF('TENAGA KERJA'!A28=0,"",'TENAGA KERJA'!A28) | B29: =IF('TENAGA KERJA'!B28=0,"",'TENAGA KERJA'!B28) | C29: =IF('TENAGA KERJA'!C28=0,"",'TENAGA KERJA'!C28) | D29: =IF('TENAGA KERJA'!D28=0,"",'TENAGA KERJA'!D28) | E29: =IF('TENAGA KERJA'!E28=0,"",'TENAGA KERJA'!E28) | F29: ='TENAGA KERJA'!K28 -> 0 | G29: ='TENAGA KERJA'!L28 -> 0 | H29: ='TENAGA KERJA'!M28 -> 0 | I29: ='TENAGA KERJA'!N28 -> 0 | J29: =SUM(F29:I29) -> 0 | K29: ='BPJS TK'!D29 -> 0 | L29: ='BPJS TK'!E29 -> 0 | M29: ='BPJS TK'!F29 -> 0 | N29: ='BPJS TK'!H29 -> 0 | O29: ='BPJS KES'!D29 -> 0 | P29: =SUM(K29:O29) -> 0 | Q29: =J29+P29 -> 0 | R29: ='BPJS TK'!G29 -> 0 | S29: ='BPJS TK'!I29 -> 0 | T29: ='BPJS KES'!E29 -> 0 | U29: ='PPH PSL 21 - GROSS (MULAI 2024)'!L29 -> 0 | V29: =SUM(R29:U29) -> 0 | W29: =J29-V29 -> 0
A30: =IF('TENAGA KERJA'!A29=0,"",'TENAGA KERJA'!A29) | B30: =IF('TENAGA KERJA'!B29=0,"",'TENAGA KERJA'!B29) | C30: =IF('TENAGA KERJA'!C29=0,"",'TENAGA KERJA'!C29) | D30: =IF('TENAGA KERJA'!D29=0,"",'TENAGA KERJA'!D29) | E30: =IF('TENAGA KERJA'!E29=0,"",'TENAGA KERJA'!E29) | F30: ='TENAGA KERJA'!K29 -> 0 | G30: ='TENAGA KERJA'!L29 -> 0 | H30: ='TENAGA KERJA'!M29 -> 0 | I30: ='TENAGA KERJA'!N29 -> 0 | J30: =SUM(F30:I30) -> 0 | K30: ='BPJS TK'!D30 -> 0 | L30: ='BPJS TK'!E30 -> 0 | M30: ='BPJS TK'!F30 -> 0 | N30: ='BPJS TK'!H30 -> 0 | O30: ='BPJS KES'!D30 -> 0 | P30: =SUM(K30:O30) -> 0 | Q30: =J30+P30 -> 0 | R30: ='BPJS TK'!G30 -> 0 | S30: ='BPJS TK'!I30 -> 0 | T30: ='BPJS KES'!E30 -> 0 | U30: ='PPH PSL 21 - GROSS (MULAI 2024)'!L30 -> 0 | V30: =SUM(R30:U30) -> 0 | W30: =J30-V30 -> 0
A31: =IF('TENAGA KERJA'!A30=0,"",'TENAGA KERJA'!A30) | B31: =IF('TENAGA KERJA'!B30=0,"",'TENAGA KERJA'!B30) | C31: =IF('TENAGA KERJA'!C30=0,"",'TENAGA KERJA'!C30) | D31: =IF('TENAGA KERJA'!D30=0,"",'TENAGA KERJA'!D30) | E31: =IF('TENAGA KERJA'!E30=0,"",'TENAGA KERJA'!E30) | F31: ='TENAGA KERJA'!K30 -> 0 | G31: ='TENAGA KERJA'!L30 -> 0 | H31: ='TENAGA KERJA'!M30 -> 0 | I31: ='TENAGA KERJA'!N30 -> 0 | J31: =SUM(F31:I31) -> 0 | K31: ='BPJS TK'!D31 -> 0 | L31: ='BPJS TK'!E31 -> 0 | M31: ='BPJS TK'!F31 -> 0 | N31: ='BPJS TK'!H31 -> 0 | O31: ='BPJS KES'!D31 -> 0 | P31: =SUM(K31:O31) -> 0 | Q31: =J31+P31 -> 0 | R31: ='BPJS TK'!G31 -> 0 | S31: ='BPJS TK'!I31 -> 0 | T31: ='BPJS KES'!E31 -> 0 | U31: ='PPH PSL 21 - GROSS (MULAI 2024)'!L31 -> 0 | V31: =SUM(R31:U31) -> 0 | W31: =J31-V31 -> 0
A32: =IF('TENAGA KERJA'!A31=0,"",'TENAGA KERJA'!A31) | B32: =IF('TENAGA KERJA'!B31=0,"",'TENAGA KERJA'!B31) | C32: =IF('TENAGA KERJA'!C31=0,"",'TENAGA KERJA'!C31) | D32: =IF('TENAGA KERJA'!D31=0,"",'TENAGA KERJA'!D31) | E32: =IF('TENAGA KERJA'!E31=0,"",'TENAGA KERJA'!E31) | F32: ='TENAGA KERJA'!K31 -> 0 | G32: ='TENAGA KERJA'!L31 -> 0 | H32: ='TENAGA KERJA'!M31 -> 0 | I32: ='TENAGA KERJA'!N31 -> 0 | J32: =SUM(F32:I32) -> 0 | K32: ='BPJS TK'!D32 -> 0 | L32: ='BPJS TK'!E32 -> 0 | M32: ='BPJS TK'!F32 -> 0 | N32: ='BPJS TK'!H32 -> 0 | O32: ='BPJS KES'!D32 -> 0 | P32: =SUM(K32:O32) -> 0 | Q32: =J32+P32 -> 0 | R32: ='BPJS TK'!G32 -> 0 | S32: ='BPJS TK'!I32 -> 0 | T32: ='BPJS KES'!E32 -> 0 | U32: ='PPH PSL 21 - GROSS (MULAI 2024)'!L32 -> 0 | V32: =SUM(R32:U32) -> 0 | W32: =J32-V32 -> 0
A33: =IF('TENAGA KERJA'!A32=0,"",'TENAGA KERJA'!A32) | B33: =IF('TENAGA KERJA'!B32=0,"",'TENAGA KERJA'!B32) | C33: =IF('TENAGA KERJA'!C32=0,"",'TENAGA KERJA'!C32) | D33: =IF('TENAGA KERJA'!D32=0,"",'TENAGA KERJA'!D32) | E33: =IF('TENAGA KERJA'!E32=0,"",'TENAGA KERJA'!E32) | F33: ='TENAGA KERJA'!K32 -> 0 | G33: ='TENAGA KERJA'!L32 -> 0 | H33: ='TENAGA KERJA'!M32 -> 0 | I33: ='TENAGA KERJA'!N32 -> 0 | J33: =SUM(F33:I33) -> 0 | K33: ='BPJS TK'!D33 -> 0 | L33: ='BPJS TK'!E33 -> 0 | M33: ='BPJS TK'!F33 -> 0 | N33: ='BPJS TK'!H33 -> 0 | O33: ='BPJS KES'!D33 -> 0 | P33: =SUM(K33:O33) -> 0 | Q33: =J33+P33 -> 0 | R33: ='BPJS TK'!G33 -> 0 | S33: ='BPJS TK'!I33 -> 0 | T33: ='BPJS KES'!E33 -> 0 | U33: ='PPH PSL 21 - GROSS (MULAI 2024)'!L33 -> 0 | V33: =SUM(R33:U33) -> 0 | W33: =J33-V33 -> 0
A34: =IF('TENAGA KERJA'!A33=0,"",'TENAGA KERJA'!A33) | B34: =IF('TENAGA KERJA'!B33=0,"",'TENAGA KERJA'!B33) | C34: =IF('TENAGA KERJA'!C33=0,"",'TENAGA KERJA'!C33) | D34: =IF('TENAGA KERJA'!D33=0,"",'TENAGA KERJA'!D33) | E34: =IF('TENAGA KERJA'!E33=0,"",'TENAGA KERJA'!E33) | F34: ='TENAGA KERJA'!K33 -> 0 | G34: ='TENAGA KERJA'!L33 -> 0 | H34: ='TENAGA KERJA'!M33 -> 0 | I34: ='TENAGA KERJA'!N33 -> 0 | J34: =SUM(F34:I34) -> 0 | K34: ='BPJS TK'!D34 -> 0 | L34: ='BPJS TK'!E34 -> 0 | M34: ='BPJS TK'!F34 -> 0 | N34: ='BPJS TK'!H34 -> 0 | O34: ='BPJS KES'!D34 -> 0 | P34: =SUM(K34:O34) -> 0 | Q34: =J34+P34 -> 0 | R34: ='BPJS TK'!G34 -> 0 | S34: ='BPJS TK'!I34 -> 0 | T34: ='BPJS KES'!E34 -> 0 | U34: ='PPH PSL 21 - GROSS (MULAI 2024)'!L34 -> 0 | V34: =SUM(R34:U34) -> 0 | W34: =J34-V34 -> 0
A35: =IF('TENAGA KERJA'!A34=0,"",'TENAGA KERJA'!A34) | B35: =IF('TENAGA KERJA'!B34=0,"",'TENAGA KERJA'!B34) | C35: =IF('TENAGA KERJA'!C34=0,"",'TENAGA KERJA'!C34) | D35: =IF('TENAGA KERJA'!D34=0,"",'TENAGA KERJA'!D34) | E35: =IF('TENAGA KERJA'!E34=0,"",'TENAGA KERJA'!E34) | F35: ='TENAGA KERJA'!K34 -> 0 | G35: ='TENAGA KERJA'!L34 -> 0 | H35: ='TENAGA KERJA'!M34 -> 0 | I35: ='TENAGA KERJA'!N34 -> 0 | J35: =SUM(F35:I35) -> 0 | K35: ='BPJS TK'!D35 -> 0 | L35: ='BPJS TK'!E35 -> 0 | M35: ='BPJS TK'!F35 -> 0 | N35: ='BPJS TK'!H35 -> 0 | O35: ='BPJS KES'!D35 -> 0 | P35: =SUM(K35:O35) -> 0 | Q35: =J35+P35 -> 0 | R35: ='BPJS TK'!G35 -> 0 | S35: ='BPJS TK'!I35 -> 0 | T35: ='BPJS KES'!E35 -> 0 | U35: ='PPH PSL 21 - GROSS (MULAI 2024)'!L35 -> 0 | V35: =SUM(R35:U35) -> 0 | W35: =J35-V35 -> 0
A36: =IF('TENAGA KERJA'!A35=0,"",'TENAGA KERJA'!A35) | B36: =IF('TENAGA KERJA'!B35=0,"",'TENAGA KERJA'!B35) | C36: =IF('TENAGA KERJA'!C35=0,"",'TENAGA KERJA'!C35) | D36: =IF('TENAGA KERJA'!D35=0,"",'TENAGA KERJA'!D35) | E36: =IF('TENAGA KERJA'!E35=0,"",'TENAGA KERJA'!E35) | F36: ='TENAGA KERJA'!K35 -> 0 | G36: ='TENAGA KERJA'!L35 -> 0 | H36: ='TENAGA KERJA'!M35 -> 0 | I36: ='TENAGA KERJA'!N35 -> 0 | J36: =SUM(F36:I36) -> 0 | K36: ='BPJS TK'!D36 -> 0 | L36: ='BPJS TK'!E36 -> 0 | M36: ='BPJS TK'!F36 -> 0 | N36: ='BPJS TK'!H36 -> 0 | O36: ='BPJS KES'!D36 -> 0 | P36: =SUM(K36:O36) -> 0 | Q36: =J36+P36 -> 0 | R36: ='BPJS TK'!G36 -> 0 | S36: ='BPJS TK'!I36 -> 0 | T36: ='BPJS KES'!E36 -> 0 | U36: ='PPH PSL 21 - GROSS (MULAI 2024)'!L36 -> 0 | V36: =SUM(R36:U36) -> 0 | W36: =J36-V36 -> 0
A37: =IF('TENAGA KERJA'!A36=0,"",'TENAGA KERJA'!A36) | B37: =IF('TENAGA KERJA'!B36=0,"",'TENAGA KERJA'!B36) | C37: =IF('TENAGA KERJA'!C36=0,"",'TENAGA KERJA'!C36) | D37: =IF('TENAGA KERJA'!D36=0,"",'TENAGA KERJA'!D36) | E37: =IF('TENAGA KERJA'!E36=0,"",'TENAGA KERJA'!E36) | F37: ='TENAGA KERJA'!K36 -> 0 | G37: ='TENAGA KERJA'!L36 -> 0 | H37: ='TENAGA KERJA'!M36 -> 0 | I37: ='TENAGA KERJA'!N36 -> 0 | J37: =SUM(F37:I37) -> 0 | K37: ='BPJS TK'!D37 -> 0 | L37: ='BPJS TK'!E37 -> 0 | M37: ='BPJS TK'!F37 -> 0 | N37: ='BPJS TK'!H37 -> 0 | O37: ='BPJS KES'!D37 -> 0 | P37: =SUM(K37:O37) -> 0 | Q37: =J37+P37 -> 0 | R37: ='BPJS TK'!G37 -> 0 | S37: ='BPJS TK'!I37 -> 0 | T37: ='BPJS KES'!E37 -> 0 | U37: ='PPH PSL 21 - GROSS (MULAI 2024)'!L37 -> 0 | V37: =SUM(R37:U37) -> 0 | W37: =J37-V37 -> 0
A38: =IF('TENAGA KERJA'!A37=0,"",'TENAGA KERJA'!A37) | B38: =IF('TENAGA KERJA'!B37=0,"",'TENAGA KERJA'!B37) | C38: =IF('TENAGA KERJA'!C37=0,"",'TENAGA KERJA'!C37) | D38: =IF('TENAGA KERJA'!D37=0,"",'TENAGA KERJA'!D37) | E38: =IF('TENAGA KERJA'!E37=0,"",'TENAGA KERJA'!E37) | F38: ='TENAGA KERJA'!K37 -> 0 | G38: ='TENAGA KERJA'!L37 -> 0 | H38: ='TENAGA KERJA'!M37 -> 0 | I38: ='TENAGA KERJA'!N37 -> 0 | J38: =SUM(F38:I38) -> 0 | K38: ='BPJS TK'!D38 -> 0 | L38: ='BPJS TK'!E38 -> 0 | M38: ='BPJS TK'!F38 -> 0 | N38: ='BPJS TK'!H38 -> 0 | O38: ='BPJS KES'!D38 -> 0 | P38: =SUM(K38:O38) -> 0 | Q38: =J38+P38 -> 0 | R38: ='BPJS TK'!G38 -> 0 | S38: ='BPJS TK'!I38 -> 0 | T38: ='BPJS KES'!E38 -> 0 | U38: ='PPH PSL 21 - GROSS (MULAI 2024)'!L38 -> 0 | V38: =SUM(R38:U38) -> 0 | W38: =J38-V38 -> 0
A39: =IF('TENAGA KERJA'!A38=0,"",'TENAGA KERJA'!A38) | B39: =IF('TENAGA KERJA'!B38=0,"",'TENAGA KERJA'!B38) | C39: =IF('TENAGA KERJA'!C38=0,"",'TENAGA KERJA'!C38) | D39: =IF('TENAGA KERJA'!D38=0,"",'TENAGA KERJA'!D38) | E39: =IF('TENAGA KERJA'!E38=0,"",'TENAGA KERJA'!E38) | F39: ='TENAGA KERJA'!K38 -> 0 | G39: ='TENAGA KERJA'!L38 -> 0 | H39: ='TENAGA KERJA'!M38 -> 0 | I39: ='TENAGA KERJA'!N38 -> 0 | J39: =SUM(F39:I39) -> 0 | K39: ='BPJS TK'!D39 -> 0 | L39: ='BPJS TK'!E39 -> 0 | M39: ='BPJS TK'!F39 -> 0 | N39: ='BPJS TK'!H39 -> 0 | O39: ='BPJS KES'!D39 -> 0 | P39: =SUM(K39:O39) -> 0 | Q39: =J39+P39 -> 0 | R39: ='BPJS TK'!G39 -> 0 | S39: ='BPJS TK'!I39 -> 0 | T39: ='BPJS KES'!E39 -> 0 | U39: ='PPH PSL 21 - GROSS (MULAI 2024)'!L39 -> 0 | V39: =SUM(R39:U39) -> 0 | W39: =J39-V39 -> 0
A40: =IF('TENAGA KERJA'!A39=0,"",'TENAGA KERJA'!A39) | B40: =IF('TENAGA KERJA'!B39=0,"",'TENAGA KERJA'!B39) | C40: =IF('TENAGA KERJA'!C39=0,"",'TENAGA KERJA'!C39) | D40: =IF('TENAGA KERJA'!D39=0,"",'TENAGA KERJA'!D39) | E40: =IF('TENAGA KERJA'!E39=0,"",'TENAGA KERJA'!E39) | F40: ='TENAGA KERJA'!K39 -> 0 | G40: ='TENAGA KERJA'!L39 -> 0 | H40: ='TENAGA KERJA'!M39 -> 0 | I40: ='TENAGA KERJA'!N39 -> 0 | J40: =SUM(F40:I40) -> 0 | K40: ='BPJS TK'!D40 -> 0 | L40: ='BPJS TK'!E40 -> 0 | M40: ='BPJS TK'!F40 -> 0 | N40: ='BPJS TK'!H40 -> 0 | O40: ='BPJS KES'!D40 -> 0 | P40: =SUM(K40:O40) -> 0 | Q40: =J40+P40 -> 0 | R40: ='BPJS TK'!G40 -> 0 | S40: ='BPJS TK'!I40 -> 0 | T40: ='BPJS KES'!E40 -> 0 | U40: ='PPH PSL 21 - GROSS (MULAI 2024)'!L40 -> 0 | V40: =SUM(R40:U40) -> 0 | W40: =J40-V40 -> 0
... A98: =IF('TENAGA KERJA'!A97=0,"",'TENAGA KERJA'!A97) | B98: =IF('TENAGA KERJA'!B97=0,"",'TENAGA KERJA'!B97) | C98: =IF('TENAGA KERJA'!C97=0,"",'TENAGA KERJA'!C97) | D98: =IF('TENAGA KERJA'!D97=0,"",'TENAGA KERJA'!D97) | E98: =IF('TENAGA KERJA'!E97=0,"",'TENAGA KERJA'!E97) | F98: ='TENAGA KERJA'!K97 -> 0 | G98: ='TENAGA KERJA'!L97 -> 0 | H98: ='TENAGA KERJA'!M97 -> 0 | I98: ='TENAGA KERJA'!N97 -> 0 | J98: =SUM(F98:I98) -> 0 | K98: ='BPJS TK'!D98 -> 0 | L98: ='BPJS TK'!E98 -> 0 | M98: ='BPJS TK'!F98 -> 0 | N98: ='BPJS TK'!H98 -> 0 | O98: ='BPJS KES'!D98 -> 0 | P98: =SUM(K98:O98) -> 0 | Q98: =J98+P98 -> 0 | R98: ='BPJS TK'!G98 -> 0 | S98: ='BPJS TK'!I98 -> 0 | T98: ='BPJS KES'!E98 -> 0 | U98: ='PPH PSL 21 - GROSS (MULAI 2024)'!L98 -> 0 | V98: =SUM(R98:U98) -> 0 | W98: =J98-V98 -> 0
A99: =IF('TENAGA KERJA'!A98=0,"",'TENAGA KERJA'!A98) | B99: =IF('TENAGA KERJA'!B98=0,"",'TENAGA KERJA'!B98) | C99: =IF('TENAGA KERJA'!C98=0,"",'TENAGA KERJA'!C98) | D99: =IF('TENAGA KERJA'!D98=0,"",'TENAGA KERJA'!D98) | E99: =IF('TENAGA KERJA'!E98=0,"",'TENAGA KERJA'!E98) | F99: ='TENAGA KERJA'!K98 -> 0 | G99: ='TENAGA KERJA'!L98 -> 0 | H99: ='TENAGA KERJA'!M98 -> 0 | I99: ='TENAGA KERJA'!N98 -> 0 | J99: =SUM(F99:I99) -> 0 | K99: ='BPJS TK'!D99 -> 16832.899 | L99: ='BPJS TK'!E99 -> 5674.011 | M99: ='BPJS TK'!F99 -> 69979.469 | N99: ='BPJS TK'!H99 -> 0 | O99: ='BPJS KES'!D99 -> 175653.48 | P99: =SUM(K99:O99) -> 268139.86 | Q99: =J99+P99 -> 268139.86 | R99: ='BPJS TK'!G99 -> 37826.74 | S99: ='BPJS TK'!I99 -> 0 | T99: ='BPJS KES'!E99 -> 43913.37 | U99: ='PPH PSL 21 - GROSS (MULAI 2024)'!L99 -> 0 | V99: =SUM(R99:U99) -> 81740.11 | W99: =J99-V99 -> -81740.11 | X99: =X100+W185+W179+W180+W181-W179 -> 2336519.8
A100: =IF('TENAGA KERJA'!A99=0,"",'TENAGA KERJA'!A99) | B100: =IF('TENAGA KERJA'!B99=0,"",'TENAGA KERJA'!B99) | C100: =IF('TENAGA KERJA'!C99=0,"",'TENAGA KERJA'!C99) | D100: =IF('TENAGA KERJA'!D99=0,"",'TENAGA KERJA'!D99) | E100: =IF('TENAGA KERJA'!E99=0,"",'TENAGA KERJA'!E99) | F100: ='TENAGA KERJA'!K99 -> 0 | G100: ='TENAGA KERJA'!L99 -> 0 | H100: ='TENAGA KERJA'!M99 -> 0 | J100: =SUM(F100:I100) -> 0 | K100: ='BPJS TK'!D100 -> 0 | L100: ='BPJS TK'!E100 -> 0 | M100: ='BPJS TK'!F100 -> 0 | N100: ='BPJS TK'!H100 -> 0 | O100: ='BPJS KES'!D100 -> 0 | P100: =SUM(K100:O100) -> 0 | Q100: =J100+P100 -> 0 | R100: ='BPJS TK'!G100 -> 0 | S100: ='BPJS TK'!I100 -> 0 | T100: ='BPJS KES'!E100 -> 0 | U100: ='PPH PSL 21 - GROSS (MULAI 2024)'!L100 -> 0 | V100: =SUM(R100:U100) -> 0 | W100: =J100-V100 -> 0 | X100: =SUM(W29:W99)+W168 -> 2336519.8
A101: =IF('TENAGA KERJA'!A100=0,"",'TENAGA KERJA'!A100) | B101: =IF('TENAGA KERJA'!B100=0,"",'TENAGA KERJA'!B100) | C101: =IF('TENAGA KERJA'!C100=0,"",'TENAGA KERJA'!C100) | D101: =IF('TENAGA KERJA'!D100=0,"",'TENAGA KERJA'!D100) | E101: =IF('TENAGA KERJA'!E100=0,"",'TENAGA KERJA'!E100) | F101: ='TENAGA KERJA'!K100 -> 0 | G101: ='TENAGA KERJA'!L100 -> 0 | H101: ='TENAGA KERJA'!M100 -> 0 | I101: ='TENAGA KERJA'!N100 -> 0 | J101: =SUM(F101:I101) -> 0 | K101: ='BPJS TK'!D101 -> 0 | L101: ='BPJS TK'!E101 -> 0 | M101: ='BPJS TK'!F101 -> 0 | N101: ='BPJS TK'!H101 -> 0 | O101: ='BPJS KES'!D101 -> 0 | P101: =SUM(K101:O101) -> 0 | Q101: =J101+P101 -> 0 | R101: ='BPJS TK'!G101 -> 0 | S101: ='BPJS TK'!I101 -> 0 | T101: ='BPJS KES'!E101 -> 0 | U101: ='PPH PSL 21 - GROSS (MULAI 2024)'!L101 -> 0 | V101: =SUM(R101:U101) -> 0 | W101: =J101-V101 -> 0 | X101: 4.3761864e+08
A102: =IF('TENAGA KERJA'!A101=0,"",'TENAGA KERJA'!A101) | B102: =IF('TENAGA KERJA'!B101=0,"",'TENAGA KERJA'!B101) | C102: =IF('TENAGA KERJA'!C101=0,"",'TENAGA KERJA'!C101) | D102: =IF('TENAGA KERJA'!D101=0,"",'TENAGA KERJA'!D101) | E102: =IF('TENAGA KERJA'!E101=0,"",'TENAGA KERJA'!E101) | F102: ='TENAGA KERJA'!K101 -> 0 | G102: ='TENAGA KERJA'!L101 -> 0 | H102: ='TENAGA KERJA'!M101 -> 0 | I102: ='TENAGA KERJA'!N101 -> 0 | J102: =SUM(F102:I102) -> 0 | K102: ='BPJS TK'!D102 -> 0 | L102: ='BPJS TK'!E102 -> 0 | M102: ='BPJS TK'!F102 -> 0 | N102: ='BPJS TK'!H102 -> 0 | O102: ='BPJS KES'!D102 -> 0 | P102: =SUM(K102:O102) -> 0 | Q102: =J102+P102 -> 0 | R102: ='BPJS TK'!G102 -> 0 | S102: ='BPJS TK'!I102 -> 0 | T102: ='BPJS KES'!E102 -> 0 | U102: ='PPH PSL 21 - GROSS (MULAI 2024)'!L102 -> 0 | V102: =SUM(R102:U102) -> 0 | W102: =J102-V102 -> 0 | X102: =X100-X101 -> -4.3528212e+08
A103: =IF('TENAGA KERJA'!A102=0,"",'TENAGA KERJA'!A102) | B103: =IF('TENAGA KERJA'!B102=0,"",'TENAGA KERJA'!B102) | C103: =IF('TENAGA KERJA'!C102=0,"",'TENAGA KERJA'!C102) | D103: =IF('TENAGA KERJA'!D102=0,"",'TENAGA KERJA'!D102) | E103: =IF('TENAGA KERJA'!E102=0,"",'TENAGA KERJA'!E102) | F103: ='TENAGA KERJA'!K102 -> 0 | G103: ='TENAGA KERJA'!L102 -> 0 | H103: ='TENAGA KERJA'!M102 -> 0 | I103: ='TENAGA KERJA'!N102 -> 0 | J103: =SUM(F103:I103) -> 0 | K103: ='BPJS TK'!D103 -> 0 | L103: ='BPJS TK'!E103 -> 0 | M103: ='BPJS TK'!F103 -> 0 | N103: ='BPJS TK'!H103 -> 0 | O103: ='BPJS KES'!D103 -> 0 | P103: =SUM(K103:O103) -> 0 | Q103: =J103+P103 -> 0 | R103: ='BPJS TK'!G103 -> 0 | S103: ='BPJS TK'!I103 -> 0 | T103: ='BPJS KES'!E103 -> 0 | U103: ='PPH PSL 21 - GROSS (MULAI 2024)'!L103 -> 0 | V103: =SUM(R103:U103) -> 0 | W103: =J103-V103 -> 0
A104: =IF('TENAGA KERJA'!A103=0,"",'TENAGA KERJA'!A103) | B104: =IF('TENAGA KERJA'!B103=0,"",'TENAGA KERJA'!B103) | C104: =IF('TENAGA KERJA'!C103=0,"",'TENAGA KERJA'!C103) | D104: =IF('TENAGA KERJA'!D103=0,"",'TENAGA KERJA'!D103) | E104: =IF('TENAGA KERJA'!E103=0,"",'TENAGA KERJA'!E103) | F104: ='TENAGA KERJA'!K103 -> 0 | G104: ='TENAGA KERJA'!L103 -> 0 | H104: ='TENAGA KERJA'!M103 -> 0 | I104: ='TENAGA KERJA'!N103 -> 0 | J104: =SUM(F104:I104) -> 0 | K104: ='BPJS TK'!D104 -> 0 | L104: ='BPJS TK'!E104 -> 0 | M104: ='BPJS TK'!F104 -> 0 | N104: ='BPJS TK'!H104 -> 0 | O104: ='BPJS KES'!D104 -> 0 | P104: =SUM(K104:O104) -> 0 | Q104: =J104+P104 -> 0 | R104: ='BPJS TK'!G104 -> 0 | S104: ='BPJS TK'!I104 -> 0 | T104: ='BPJS KES'!E104 -> 0 | U104: ='PPH PSL 21 - GROSS (MULAI 2024)'!L104 -> 0 | V104: =SUM(R104:U104) -> 0 | W104: =J104-V104 -> 0
A105: =IF('TENAGA KERJA'!A104=0,"",'TENAGA KERJA'!A104) | B105: =IF('TENAGA KERJA'!B104=0,"",'TENAGA KERJA'!B104) | C105: =IF('TENAGA KERJA'!C104=0,"",'TENAGA KERJA'!C104) | D105: =IF('TENAGA KERJA'!D104=0,"",'TENAGA KERJA'!D104) | E105: =IF('TENAGA KERJA'!E104=0,"",'TENAGA KERJA'!E104) | F105: ='TENAGA KERJA'!K104 -> 0 | G105: ='TENAGA KERJA'!L104 -> 0 | H105: ='TENAGA KERJA'!M104 -> 0 | I105: ='TENAGA KERJA'!N104 -> 0 | J105: =SUM(F105:I105) -> 0 | K105: ='BPJS TK'!D105 -> 0 | L105: ='BPJS TK'!E105 -> 0 | M105: ='BPJS TK'!F105 -> 0 | N105: ='BPJS TK'!H105 -> 0 | O105: ='BPJS KES'!D105 -> 0 | P105: =SUM(K105:O105) -> 0 | Q105: =J105+P105 -> 0 | R105: ='BPJS TK'!G105 -> 0 | S105: ='BPJS TK'!I105 -> 0 | T105: ='BPJS KES'!E105 -> 0 | U105: ='PPH PSL 21 - GROSS (MULAI 2024)'!L105 -> 0 | V105: =SUM(R105:U105) -> 0 | W105: =J105-V105 -> 0
A106: =IF('TENAGA KERJA'!A105=0,"",'TENAGA KERJA'!A105) | B106: =IF('TENAGA KERJA'!B105=0,"",'TENAGA KERJA'!B105) | C106: =IF('TENAGA KERJA'!C105=0,"",'TENAGA KERJA'!C105) | D106: =IF('TENAGA KERJA'!D105=0,"",'TENAGA KERJA'!D105) | E106: =IF('TENAGA KERJA'!E105=0,"",'TENAGA KERJA'!E105) | F106: ='TENAGA KERJA'!K105 -> 0 | G106: ='TENAGA KERJA'!L105 -> 0 | H106: ='TENAGA KERJA'!M105 -> 0 | I106: ='TENAGA KERJA'!N105 -> 0 | J106: =SUM(F106:I106) -> 0 | K106: ='BPJS TK'!D106 -> 0 | L106: ='BPJS TK'!E106 -> 0 | M106: ='BPJS TK'!F106 -> 0 | N106: ='BPJS TK'!H106 -> 0 | O106: ='BPJS KES'!D106 -> 0 | P106: =SUM(K106:O106) -> 0 | Q106: =J106+P106 -> 0 | R106: ='BPJS TK'!G106 -> 0 | S106: ='BPJS TK'!I106 -> 0 | T106: ='BPJS KES'!E106 -> 0 | U106: ='PPH PSL 21 - GROSS (MULAI 2024)'!L106 -> 0 | V106: =SUM(R106:U106) -> 0 | W106: =J106-V106 -> 0
A107: =IF('TENAGA KERJA'!A106=0,"",'TENAGA KERJA'!A106) | B107: =IF('TENAGA KERJA'!B106=0,"",'TENAGA KERJA'!B106) | C107: =IF('TENAGA KERJA'!C106=0,"",'TENAGA KERJA'!C106) | D107: =IF('TENAGA KERJA'!D106=0,"",'TENAGA KERJA'!D106) | E107: =IF('TENAGA KERJA'!E106=0,"",'TENAGA KERJA'!E106) | F107: ='TENAGA KERJA'!K106 -> 0 | G107: ='TENAGA KERJA'!L106 -> 0 | H107: ='TENAGA KERJA'!M106 -> 0 | I107: ='TENAGA KERJA'!N106 -> 0 | J107: =SUM(F107:I107) -> 0 | K107: ='BPJS TK'!D107 -> 0 | L107: ='BPJS TK'!E107 -> 0 | M107: ='BPJS TK'!F107 -> 0 | N107: ='BPJS TK'!H107 -> 0 | O107: ='BPJS KES'!D107 -> 0 | P107: =SUM(K107:O107) -> 0 | Q107: =J107+P107 -> 0 | R107: ='BPJS TK'!G107 -> 0 | S107: ='BPJS TK'!I107 -> 0 | T107: ='BPJS KES'!E107 -> 0 | U107: ='PPH PSL 21 - GROSS (MULAI 2024)'!L107 -> 0 | V107: =SUM(R107:U107) -> 0 | W107: =J107-V107 -> 0
A108: =IF('TENAGA KERJA'!A107=0,"",'TENAGA KERJA'!A107) | B108: =IF('TENAGA KERJA'!B107=0,"",'TENAGA KERJA'!B107) | C108: =IF('TENAGA KERJA'!C107=0,"",'TENAGA KERJA'!C107) | D108: =IF('TENAGA KERJA'!D107=0,"",'TENAGA KERJA'!D107) | E108: =IF('TENAGA KERJA'!E107=0,"",'TENAGA KERJA'!E107) | F108: ='TENAGA KERJA'!K107 -> 0 | G108: ='TENAGA KERJA'!L107 -> 0 | H108: ='TENAGA KERJA'!M107 -> 0 | I108: ='TENAGA KERJA'!N107 -> 0 | J108: =SUM(F108:I108) -> 0 | K108: ='BPJS TK'!D108 -> 0 | L108: ='BPJS TK'!E108 -> 0 | M108: ='BPJS TK'!F108 -> 0 | N108: ='BPJS TK'!H108 -> 0 | O108: ='BPJS KES'!D108 -> 0 | P108: =SUM(K108:O108) -> 0 | Q108: =J108+P108 -> 0 | R108: ='BPJS TK'!G108 -> 0 | S108: ='BPJS TK'!I108 -> 0 | T108: ='BPJS KES'!E108 -> 0 | U108: ='PPH PSL 21 - GROSS (MULAI 2024)'!L108 -> 0 | V108: =SUM(R108:U108) -> 0 | W108: =J108-V108 -> 0
A109: =IF('TENAGA KERJA'!A108=0,"",'TENAGA KERJA'!A108) | B109: =IF('TENAGA KERJA'!B108=0,"",'TENAGA KERJA'!B108) | C109: =IF('TENAGA KERJA'!C108=0,"",'TENAGA KERJA'!C108) | D109: =IF('TENAGA KERJA'!D108=0,"",'TENAGA KERJA'!D108) | E109: =IF('TENAGA KERJA'!E108=0,"",'TENAGA KERJA'!E108) | F109: ='TENAGA KERJA'!K108 -> 0 | G109: ='TENAGA KERJA'!L108 -> 0 | H109: ='TENAGA KERJA'!M108 -> 0 | I109: ='TENAGA KERJA'!N108 -> 0 | J109: =SUM(F109:I109) -> 0 | K109: ='BPJS TK'!D109 -> 0 | L109: ='BPJS TK'!E109 -> 0 | M109: ='BPJS TK'!F109 -> 0 | N109: ='BPJS TK'!H109 -> 0 | O109: ='BPJS KES'!D109 -> 0 | P109: =SUM(K109:O109) -> 0 | Q109: =J109+P109 -> 0 | R109: ='BPJS TK'!G109 -> 0 | S109: ='BPJS TK'!I109 -> 0 | T109: ='BPJS KES'!E109 -> 0 | U109: ='PPH PSL 21 - GROSS (MULAI 2024)'!L109 -> 0 | V109: =SUM(R109:U109) -> 0 | W109: =J109-V109 -> 0
